policy_id,policy_name,summary,district,source,detail_url,정책 유형,주관 기관,정책 소개,지원 내용,사업운영기간,사업신청기간,지원규모,관련 사이트,연령,학력,전공요건,취업상태,특화분야 요건,추가단서 사항,참여제한 대상,신청절차,심사 및 발표,제출서류,신청 사이트,기타사항,운영기관,참고 사이트 Ⅰ,참고 사이트 Ⅱ
V202600008,2026 청년 골목창업 지원,"ㅇ 청년창업 지원을 통한 혁신적인 청년 사업가 양성
ㅇ 지속가능한 골목창업환경 조성을 통한 지역경제 활성화",,서울시,https://youth.seoul.go.kr/infoData/plcyInfo/view.do?plcyBizId=V202600008&tabKind=001,일자리,서울특별시 소상공인정책과,"ㅇ 청년창업 지원을 통한 혁신적인 청년 사업가 양성
ㅇ 지속가능한 골목창업환경 조성을 통한 지역경제 활성화","- (이론교육) 상권분석, 임대차계약, 마케팅, 위생관리 등 창업 및 경영에 필수적인 주제별 강의 실시
- (실습교육) 전문가 1:1 코칭으로 레시피 개발 지원 및 품평회를 통한 실습 결과물 평가, 보완기회 제공
- (멘 토 링) 선배 사업가 멘토풀 활용, 경영 노하우 전수
- (사후관리) 창업 전후 컨설팅, 홍보 마케팅, 창업자금 최대 7천만원 융자지원",,2026.3.1. ~ 2026.3.31.,60,,만 19~39세,,,,,ㅇ 연령 : 만 19세~만 39세(※ 의무복무 제대군인 복무기간 최대 3년 가산),,상반기 : 신청마감,,,https://youth.seoul.go.kr/content.do?key=2310100025,,서울특별시 소상공인정책과,https://youth.seoul.go.kr,
V202600007,2026 청년쿡 비즈니스센터 운영,청년 푸드산업 스타트업 창업 활성화를 위한 성장 기반 마련,,서울시,https://youth.seoul.go.kr/infoData/plcyInfo/view.do?plcyBizId=V202600007&tabKind=001,일자리,서울특별시 청년사업담당관,청년 푸드산업 스타트업 창업 활성화를 위한 성장 기반 마련,푸드산업 청년 스타트업 성장을 위한 프로그램 지원,2025.1월~12월,2025.1월~12월,"총 20개사 (입주 10개사, 비입주 10개사)",,만 19~39세,,,,,,,상반기 : 신청마감,,,https://youth.seoul.go.kr/content.do?key=2310100028,,,https://youth.seoul.go.kr,
V202600006,2026 청년 부동산 중개보수 및 이사비 지원사업,이사가 잦은 청년가구의 주거비 부담을 완화하고 생활 안전망을 강화하기 위한 사업,,서울시,https://youth.seoul.go.kr/infoData/plcyInfo/view.do?plcyBizId=V202600006&tabKind=001,주거,서울특별시 청년주거과,이사가 잦은 청년가구의 주거비 부담을 완화하고 생활 안전망을 강화하기 위한 사업,"ㅇ 지원금액 : 최대 40만원 한도 내 실비 지원 (생애 1회)
ㅇ 지원내용 : 부동산 중개보수 및 이사비용.
* 부동산 중개보수 및 이사비 중 한 가지만 신청도 가능",,[상반기] 2026.4.1.(수) 10:00 ~ 2026.4.14.(화) 18:00 [하반기] 2026.8.18.(화) 10:00 ~ 2026.8.31.(월) 18:00,"총 8,000명
※상반기 4,000명, 하반기 4,000명",,서울로 전입 또는 서울 내에서 이사한 19~39세 청년,,,,,"ㅇ 선정방법 : 사회적 약자 및 주거취약청년 우선 선발 후 소득 낮은 순 선정
ㅇ 지급방법 : 개인별 계좌 입금","‣ ’22.1.1.이후 서울시로 전입 또는 서울시 내에서 이사 후 市 혹은 타 기관(중앙부처, 자치구 등)에서 부동산 중개보수 및 이사비 지원받은 사람
‣ 부모 소유 주택에 임차하는 경우
‣ 국민기초생활수급자 중 생계·의료·주거급여 수급자
‣ 기타 사업 취지에 부합하지 않다고 판단되는 경우",ㅇ 청년몽땅정보통(youth.seoul.go.kr) 온라인 신청,"[상반기]
ㅇ 서류심사 결과 : 2026년 6월 중순
- 서류심사 결과 통보일로부터 10일 이내 이의신청 및 소명·보완자료 제출 가능
ㅇ 최종심사 결과 : 2026년 8월 초
ㅇ 지원금 지급 : 2026년 8월 중순
[하반기]
ㅇ 서류심사 결과 : 2026년 10월 말 (예정)
- 서류심사 결과 통보일로부터 10일 이내 이의신청 및 소명·보완자료 제출 가능
ㅇ 최종심사 결과 : 2026년 11월 말(예정)
ㅇ 지원금 지급 : 2026년 12월 초 (예정)",* 공고문 참고,https://youth.seoul.go.kr/youthConts.do?key=2310100044&sc_pbancSeCd=015&sc_bbsStngSn=2212200001&sc_bbsCtgrySn=2310200013&sc_qnaCtgryCd=002&sc_faqCtgryCd=003,"ㅇ 선정 결과: 청년몽땅정보통 마이페이지 및 신청자 개별 문자 안내
ㅇ 기타 문의: 청년 부동산 중개보수 및 이사비 지원사업 콜센터 ☎ 1877-9358",서울특별시 청년주거과,https://youth.seoul.go.kr/youthConts.do?key=2310100044&sc_detailAt=&pageIndex=1&orderBy=regYmd+desc&tabKind=200&pwKind=&sc_pbancSe=&sc_pbancSeCd=015&sc_bbsStngSn=2212200001&sc_bbsCtgrySn=2310200013&sc_pstSn=0&sc_rvwSn=0&sc_userId=&sc_ntcPstYn=&sc_delYn=&sc_ctgry=&useYn=&sc_faqCtgryCd=003&sc_qnaCtgryCd=002&sc_plcyQnaSn=0&sc_myPstYn=&recordCountPerPage=10,
V202600005,2026 서울 청년수당,"ㅇ 서울에 거주하고 있는 만 19세~34세 미취업 또는 단기 근로 청년에게 활동지원금(월 50만원 최대 6개월)을 지급하고, 강점진단 종합지원, 멘토링, 취업지원 프로그램 제공 등 청년 니즈에 맞게 프로그램 연계를 지속 지원하는 사업",,서울시,https://youth.seoul.go.kr/infoData/plcyInfo/view.do?plcyBizId=V202600005&tabKind=001,복지.문화,서울특별시 청년사업담당관,"ㅇ 서울에 거주하고 있는 만 19세~34세 미취업 또는 단기 근로 청년에게 활동지원금(월 50만원 최대 6개월)을 지급하고, 강점진단 종합지원, 멘토링, 취업지원 프로그램 제공 등 청년 니즈에 맞게 프로그램 연계를 지속 지원하는 사업",ㅇ 미취업 청년이 진로 탐색 및 목표 달성에 집중할 수 있도록 금전적 지원과 성장 지원을 통해 사회안전망 제공,,2026. 5. 27.(수) 10:00 ~ 2026. 5. 29.(금) 16:00,"만19~34세 최종학력 졸업 이후 미취업 청년 6,000명 이내",,만19세~34세 (출생일이 1991년 5월 1일~2007년 5월 31일인 자),,,"미취업자만 신청가능 단, 주30시간 이하 또는 3개월 이하 단기근로자 신청 가능",,,,,,,https://youth.seoul.go.kr/youthConts.do?key=2310100061&sc_pbancSeCd=012&sc_bbsStngSn=2212200001&sc_bbsCtgrySn=2310200011&sc_qnaCtgryCd=004&sc_faqCtgryCd=005,,,https://youth.seoul.go.kr,
V202600004,2026 서울청년문화패스,사회에 첫발을 내딛는 청년에게 공연 및 전시를 관람할 수 있는 문화이용권(바우처)을 지급하여 청년의 문화권 향상 및 문화예술계 활성화 도모,,서울시,https://youth.seoul.go.kr/infoData/plcyInfo/view.do?plcyBizId=V202600004&tabKind=001,복지.문화,서울특별시 문화정책과,사회에 첫발을 내딛는 청년에게 공연 및 전시를 관람할 수 있는 문화이용권(바우처)을 지급하여 청년의 문화권 향상 및 문화예술계 활성화 도모,"공연과 전시 관람에 사용할 수 있는 1인당 최대 20만원 상당의 문화이용권(바우처) 지급
- (관람분야) 공연(연극, 뮤지컬, 클래식, 오페라, 무용, 국악) 및 전시
- (관람방법) 서울청년문화패스 전용 홈페이지에서 예매 후 관람
- (예매기준) 예매 건당 10만원 이내 사용",,2025.12.22. ~  예산 소진 시까지,"약 50,000명",,21세~24세(2002~2005년생),제한없음,제한없음,제한없음,제한없음,"- 연령 : 21~24세 (제대군인의 경우 복무기간에 따라 최대 3년 이내 연령 가산)
- 거주지 : 신청일 기준 주민등록/외국인등록대장 기준 서울 거주
- 소득 : 신청일 기준 건강보험료 본인부담금 기준 중위소득 150% 이하
※신청시 제공한 주민등록번호(외국인등록번호)와 ‘개인정보 수집·이용 및 제3자 제공 동의’에 따라 모집 마감 후 공공마이데이터 또는 국민건강보험공단에 조회
※신청자가 지역 세대원 또는 직장 피부양자인 경우 부양자 부과액 기준
※가구원수는 건강보험에 함께 등재된 사람을 기준으로 산정",2023~2025년 기선정자 지원 제외,"청년몽땅정보통(youth.seoul.go.kr)에서 온라인 신청
ㅇ 청년몽땅정보통 → 교육문화 → 서울청년문화패스 → 신청하기
□ 신청 시 필수 입력 정보(주민등록 또는 외국인등록대장 기준)
ㅇ 이름, 성별, 주소, 연락처(휴대전화, 이메일)
ㅇ 주민등록번호(외국인등록번호)
※ 입력 정보가 실제와 다를 경우 선정이 취소될 수 있음
□ 동의서 작성(필수) : 개인정보 수집·이용, 고유식별정보 처리, 제3자 제공, 본인 행정정보 제공 요구서 동의
ㅇ 수집정보 : 성명, 주민등록번호, 휴대전화(연락처), 이메일, 성별, 주소, 건강보험 관련 정보, 병역 관련 정보
ㅇ 활 용 : 행정정보 공동이용 비대면 자격확인 서비스를 활용하여 신청 시 나이, 거주지 즉시 확인 및 공공마이데이터 활용을 통한 건강보험료 확인","□발표일 : 청년몽땅정보통 공지사항에 자세한 접수 일정 참고
□발표방법 : 선정자 개별 문자 발송 및 청년몽땅정보통 ‘마이페이지’ 확인",별도 제출서류 없음,https://youth.seoul.go.kr/youthConts.do?key=2310200023&sc_pbancSeCd=005&sc_bbsStngSn=2212200001&sc_bbsCtgrySn=2310200005&sc_qnaCtgryCd=&sc_faqCtgryCd=002,콜센터 ☎1533-3427[평일 업무시간(9~12시/13~18시) 이용가능],서울특별시,https://www.youthcultureseoul.kr,
V202600003,2026 학자금 대출이자 지원사업,고비용의 대학(원) 등록금 학자금대출로 인해 부채 문제에 직면한 청년들에게 학자금 대출이자를 지원하여 청년 부채 문제 경감 도모,,서울시,https://youth.seoul.go.kr/infoData/plcyInfo/view.do?plcyBizId=V202600003&tabKind=001,복지.문화,서울특별시 미래청년기획관,고비용의 대학(원) 등록금 학자금대출로 인해 부채 문제에 직면한 청년들에게 학자금 대출이자를 지원하여 청년 부채 문제 경감 도모,"대학생은 학업에 집중할 수 있도록, 학부모는 가계부담을 덜 수 있도록 학자금 대출이자를 지원하는 사업입니다. 한국장학재단에서 대출받은 학자금의 대출이자를 지원하여 실질적인 상환 부담을 줄이고자 하는 제도입니다.",,2026.2.6.(금) 10:00 ~ 3.18.(수) 18:00,"30,000명",,19세 ~ 39세,,,,,"- 소득7분위 이하의 서울지역 대학(원)생(졸업생은 졸업 후 5년 이내까지 지원 가능)
- 소득8분위 이상은 예산 등을 고려하여 심의위원회 심의를 통해 지원 여부 결정
※ 소득 구간 : 한국장학재단 대출 신청일을 기준으로 하되, 한국장학재단에 소득분위 정보가 없는 경우, 2025년도 소득구간을 기준으로 산정
- 다자녀 가구 대학(원)생은 소득수준 제한 없음",,청년몽땅정보통(https://youth.seoul.go.kr)에서 온라인 접수된 경우만 인정,2026.7월말(예정),"① [필수] 대학(원) 재학 및 졸업증명서 등 재학․졸업 증명 가능 서류
② [선택] 가족관계증명서 (다자녀인 경우만 제출)
③ [예외] 신청자가 ‘본인’이 아닌 경우(신청자≠지원대상) 주민등록등․초본
- 본인이 아닌 부모, 형제자매 등이 신청한 경우 주민등록등·초본 제출 필수
* 신청자가 본인인 경우 개인정보 제3자 제공 동의 시 제출 불필요
④ [예외] 소득분위정보가 없는 경우 건강보험료납부확인서(직장, 지역가입자), 건강보험자격확인서",https://youth.seoul.go.kr,"① 본인 외의 자가 신청하는 경우 : 주민등록등본 또는 초본 제출
② 한국장학재단 홈페이지 內 등록정보 최신화 요청
- 본 사업 지원 신청 시에 개명 여부 및 연락처 등 정보 최신화 필요
► 최신화 경로 : 한국장학재단 홈페이지➔마이페이지➔서비스이용자정보 수정
► 개명의 경우 : 콜센터(1599-2000)에 별도 연락 필요
③ 증빙서류 제출시 “열람용”은 인정 불가, 정식 발급된 서류 제출 요청",서울특별시 미래청년기획관, https://youth.seoul.go.kr/youthConts.do?key=2310100074&sc_pbancSeCd=002&sc_bbsStngSn=2212200001&sc_bbsCtgrySn=2310200003&sc_qnaCtgryCd=&sc_faqCtgryCd=006,
V202600002,2026 학자금대출 신용회복(신용유의자 해제) 지원사업,학자금 대출로 신용유의자가 되어 사회진입에 어려움을 겪는 청년들에게 신용회복 지원함으로써 건강한 금융생활 도모,,서울시,https://youth.seoul.go.kr/infoData/plcyInfo/view.do?plcyBizId=V202600002&tabKind=001,복지.문화,서울특별시 미래청년기획관,학자금 대출로 신용유의자가 되어 사회진입에 어려움을 겪는 청년들에게 신용회복 지원함으로써 건강한 금융생활 도모,"- (서울시) 분할상환약정 체결을 위한 ‘초입금 지원’(채무금액의 5%)
- (한국장학재단) 분할상환약정 체결을 통한 신용유의자 등록 해제",,2026.02.06. 10:00 ~ 2026.11.20. 18:00,260명,,"만 19세 ~ 39세 (※ 단, 제대군인의 경우, 군복무기간에 따라 최대 42세까지 지원 가능)",,,,,,"2017년~2025년 중  동 사업을 지원받았거나, 타지자체·기관에서 유사한 지원을 받은 사람은 2026년 지원대상에서 제외됨.",청년몽땅정보통에서 온라인 접수,2월부터 월 1~2회 수시 심사 및 결과 안내,"※ 원칙적으로 별도 서류 제출이 불필요하나, 만 40~42세인 제대군인의 병역기간 확인이 되지 않을 경우, '병적증명서' 또는 '주민등록초본'을 반드시 첨부해야 함.",https://youth.seoul.go.kr/youthConts.do?key=2310100075&sc_pbancSeCd=001&sc_bbsStngSn=2212200001&sc_bbsCtgrySn=2310200002&sc_qnaCtgryCd=&sc_faqCtgryCd=007,"- 신용유의자 등록 여부는 신청 전 본인이 직접 한국장학재단 대출상환상담센터(1599-2250)에서 확인해야 함.
- 문의 : 다산콜센터  ☎ 120",서울시 미래청년기획관,https://mediahub.seoul.go.kr/archives/2010129,
V202600001,2026 서울시 취업날개 서비스 지원,ㅇ 물가상승과 취업난으로 경제적 부담을 겪고 있는 구직 청년들을 지원,,서울시,https://youth.seoul.go.kr/infoData/plcyInfo/view.do?plcyBizId=V202600001&tabKind=001,일자리,경제일자리기획관 일자리정책과 동행일자리팀,ㅇ 물가상승과 취업난으로 경제적 부담을 겪고 있는 구직 청년들을 지원,"ㅇ (사업 근거)
- 「청년고용촉진 특별법」제3조(국가 및 지방자치단체 등의 책무)
- 「서울특별시 청년 기본 조례」제12조(청년의 고용확대 등)
- 「서울특별시 청년일자리 기본 조례」제12조(행정적·재정적 지원)
ㅇ (추진 경과)
- ’16년도 취업날개 서비스 최초 시행계획 수립
- 청년구직비용 절감을 위한 재정적 지원 근거 신설
ㅇ (사업 기간)
- ’16년~ (계속사업)
ㅇ (사업 대상)
- 서울시 거주 청년(고교졸업예정자 ∼ 39세 )
※ 주민등록 및 추가 증빙 등을 통하여 서울에 거소를 두고 있음이 확인된 청년
ㅇ (사업 내용)
- 구직용 면접정장 무료대여(1인당 연간 최대 10회)
ㅇ (사업비) 2,323백만원 (지방비 100%)",2026.01.16.~2026.12.31.,2026.01.16.~2026.12.31.,"60,000명",,고교졸업예정자 ~ 39세,제한없음,제한없음,제한없음,제한없음,"대여업체 문의가능 연락처
- 서울시 일자리포털 > 취업지원 > 취업날개 > 대여업체 소개","- 실제 회사 면접에 참여하는 경우만 대여 인정(대학원 면접 또는 모의면접에 참여할 경우 불인정)
- 증빙서류가 없는 경우 대여 불가, 대여시 증빙서류 지참",서울시 통합회원 가입 후 서울일자리포털 로그인하여 온라인 신청,면접증빙자료 등 확인 후 알림톡 안내,"- 서울 거주 사실을 증명할 수 있는 서류
- 실제 면접을 보는 회사의 면접확인 서류를 회사명, 면접일, 연락처 등이 보여지도록 캡처하여 업로드
- 전화로 면접을 통보받았을 경우 취업지원 사실을 확인할 수 있는 자료 제출",https://job.seoul.go.kr/hmpg/main/main.do?sso=ok,,,https://www.seoul.go.kr,
V202500054,긴급생활안정자금 이자지원 사업,부채 문제 경감 지원으로 청년들의 경제적 자립 및 건전한 신용회복 도모,,서울시,https://youth.seoul.go.kr/infoData/plcyInfo/view.do?plcyBizId=V202500054&tabKind=001,복지.문화,서울특별시 미래청년기획관,부채 문제 경감 지원으로 청년들의 경제적 자립 및 건전한 신용회복 도모,"서울시-신용회복위원회-신한은행 협약에 의하여 신용회복위원회에서 소액금융 대출제도(서울특별시 한강론) 운영
1인당 최대 15백만원 내 긴급자금(의료비, 긴급생활비 등) 대출(연금리 3%, 대출지원기간 최대 60개월)",2012년 ~ (계속),2012년 ~ (계속),,,주민등록상 서울시 거주 만19세 ~39세,,,,,"채무조정, 개인회생자 중 성실 상환자 및 완제자 (※자세한 사항은 신용회복위원회 문의 必)",,"자세한 방법은 신용회복위원회 홈페이지 또는 콜센터(☎ 1600-5500) 확인
(신용회복위원회 > 소액금융 > 소액금융지원 소개 > 대출종류 > 서울특별시 한강론)",,,,신청 대상여부는 신용회복위원회 콜센터(☎ 1600-5500) 문의하여 확인,서울시 미래청년기획관,https://www.ccrs.or.kr/main.do,
20250618005400211019,2025 서울 청년 취업 멘토링 페스타,"직무 멘토링, 서울청년 서울생활 꿀팁 전시, 市 청년정책 1:1 상담, 정책 팝업 체험 등 참여 모습 참관, AI 면접체험 및 청년응원메시지 작성",,서울시,https://youth.seoul.go.kr/infoData/plcyInfo/view.do?plcyBizId=20250618005400211019&tabKind=001,일자리,청년사업담당관,"직무 멘토링, 서울청년 서울생활 꿀팁 전시, 市 청년정책 1:1 상담, 정책 팝업 체험 등 참여 모습 참관, AI 면접체험 및 청년응원메시지 작성","ㅇ 일    시 : ’25. 6. 19.(목) ~ 6. 21.(토) 3일간 11:00 ~ 20:00
ㅇ 장    소 : 더 가베 성수 (성동구 연무장13길 11)
ㅇ 참 석 자 : 청년수당 참여자, 기업 멘토(재능기부), 일반청년 등 약 10,000명
ㅇ 주요내용 : ➊연사 특강 + ➋직무멘토링 + ➌정책홍보
- (연사 특강) 기업 현직자 특강 및 인플루언서 성장 토크쇼, 모의면접 등
- (취업멘토링) 글로벌․대기업․스타트업 직무별 재능기부 멘토링 등
- (정책홍보) 서울청년 서울생활 꿀팁․정책상담․팝업 등 市 핵심 정책 공유․확산",,20250605 ~ 20250621,0,,만 19세 ~ 만 39세,제한없음,제한없음,제한없음,제한없음,,,,,,,,,https://www.sype.kr/,
20250522005400210873,청년 몽땅 정보통 운영,ㅇ ‘AI가 추천해주는 300만 서울청년의 맞춤형 청년 플랫폼’,,서울시,https://youth.seoul.go.kr/infoData/plcyInfo/view.do?plcyBizId=20250522005400210873&tabKind=001,참여.권리,청년정책담당관,ㅇ ‘AI가 추천해주는 300만 서울청년의 맞춤형 청년 플랫폼’,"ㅇ (사업 근거)
- 전자정부법 제56조의2(정보시스템 장애 예방ㆍ대응 등)
- 서울특별시 청년 기본 조례 제10조(청년의 참여 확대 등)
ㅇ (추진 경과)
- 서울청년포털 서비스 오픈 : 2019.4월
- 서울청년포털 1차 고도화 : 2020.1 ~ 12월
- 서울청년포털 2차 고도화 : 2021.1 ~ 12월
- 서울청년포털 ⇒ 청년몽땅정보통 확대오픈 : 2022.1 ~ 12월
- 청년 몽땅 정보통 재구축 : 2023.1 ~ 12월
ㅇ (사업 기간) ‘251.1월 ~ 12월
ㅇ (사업 대상) 전체(누구나)
- (연령 기준) 전체
- (소득 기준) 해당없음
ㅇ (사업 내용)
- 청년 몽땅 정보통 AI 맞춤형 서비스, 정책쇼핑, 선제적 청년정책 전달
ㅇ (사업비) 555백만원 (지방비)",,,0,,만 0세 ~ 만 0세,제한없음,제한없음,제한없음,제한없음,,,,,,,,,,
20250522005400210872,서울광역청년센터 운영,"ㅇ 서울청년센터 안정적 운영지원, 청년수당 등 주요 시책사업 추진 및 청년 사회안전망 구축 등 서울시 청년정책 집행·전달의 종합 컨트롤타워 기능 수행",,서울시,https://youth.seoul.go.kr/infoData/plcyInfo/view.do?plcyBizId=20250522005400210872&tabKind=001,참여.권리,청년사업담당관,"ㅇ 서울청년센터 안정적 운영지원, 청년수당 등 주요 시책사업 추진 및 청년 사회안전망 구축 등 서울시 청년정책 집행·전달의 종합 컨트롤타워 기능 수행","ㅇ 추진 근거
- 청년기본법 제24조의2(청년시설의 설치·운영 등)
- 서울특별시 청년 기본 조례 제20조(청년지원기관의 설치·운영)
ㅇ 추진 경과
- 청년 일자리허브 사무 위·수탁 체결(‘12.12월) 및 개관(’13.4월)
- 청년기본조례 제정(’15.1월)에 따른 명칭 변경(청년일자리허브→청년허브)
- 청년활동지원센터(사무형) 위·수탁계약 체결(‘16.7월)
- 서울 청년공간 기능혁신 및 재구조화 추진계획 수립(’22.11월)
- 서울광역청년센터 민간위탁 추진계획(’23.6월)
- 민간위탁운영평가위원회 심의(‘23.7월)
- 서울광역청년센터 민간위탁 동의안 시의회 가결(’23.9월)
- 서울광역청년센터 민간위탁기관 선정(’23.12월)
▸ 수탁기관 : 사단법인 희망가치
▸ 위탁기간 : 2024. 1. 1. ~ 2026. 12. 31. (3년)
ㅇ (사업 기간) 2024. 1. 1. ~
ㅇ (사업 대상) 19~39세 서울 거주 청년(의무복무 제대군인은 최대 3년 연장 지원)
ㅇ (사업 내용) 서울광역청년센터 관리 및 운영 사무 위탁
ㅇ (사업비) 3,360백만원 (전액 시비)",,-,0,,만19세~만39세(의무복무 제대군인은 최대 3년 연장 지원),제한없음,제한없음,제한없음,제한없음,"* 의무복무 제대군인은 군 복무기간에 따라 최대 3년 연장 지원
- 1년 미만 복무 : 만 40세(1984년생)까지
- 1년 이상 ~2년 미만 복무 : 만 41세(1983년생)까지
- 2년 이상 복무 : 만 42세(1982년생)까지",,,,,,,,,
20250522005400210871,지역별 서울청년센터 설치 운영,ㅇ 생활권 기반의 정책전달체계를 확충하여 청년들의 사회적 자원에 대한 접근성 향상 및 종합적 정책지원,,서울시,https://youth.seoul.go.kr/infoData/plcyInfo/view.do?plcyBizId=20250522005400210871&tabKind=001,참여.권리,청년사업담당관,ㅇ 생활권 기반의 정책전달체계를 확충하여 청년들의 사회적 자원에 대한 접근성 향상 및 종합적 정책지원,"ㅇ 추진근거
- 청년기본법 제24조의 2(청년시설의 설치·운영 등)
- 서울특별시 청년기본조례 제20조(청년지원기관의 설치·운영), 제21조(청년시설의 설치·운영)
ㅇ 추진경과
- 2020년 권역별 서울청년센터 운영 사업계획 수립(‘20.1.)
- 서울청년센터 금천‧관악(’20.1.), 강동(‘20.5.), 은평(’20.6.) 개소
- 서울청년센터 동대문(‘20.10.), 노원‧성동(’20.11.), 마포(‘20.12.) 개소
-  서울청년센터 광진(‘21.2.), 서초(’21.10.), 강북‧강서(‘22.4.) 개소
-  서울청년센터 영등포(‘23.2.), 도봉(’23.5.), 양천(‘23.5.) 개소
-  市 위탁 서울청년센터 자치구 이관(‘25.1)
-  서울청년센터 성북 (‘25.4) 개소
- ㅇ 사업기간 : ’20년~
□ 과제 추진체계
ㅇ 사업 대상
-  연령기준 : 만19세~만39세(의무복무 제대군인은 최대 3년 연장 지원)
ㅇ 사업 주체 : 서울시‧자치구
ㅇ 사업 시행방법 : 자치구 민간위탁 운영 (※ 강서구 직영)",,-,0,,만19세~만39세(의무복무 제대군인은 최대 3년 연장 지원),제한없음,제한없음,제한없음,제한없음,"* 서울시 거주이거나 활동하는 청년
* 의무복무 제대군인은 군 복무기간에 따라 최대 3년 연장 지원
- 1년 미만 복무 : 만 40세(1984년생)까지
- 1년 이상 ~2년 미만 복무 : 만 41세(1983년생)까지
- 2년 이상 복무 : 만 42세(1982년생)까지",,,,,,,,,
20250522005400210869,서울시 위원회 청년위촉 지정 및 관리,ㅇ 「서울특별시 청년 기본 조례」정비에 따른 서울시 위원회 청년위원 위촉 확대 추진(청년위원 10% 이상 위촉)을 통해 청년의 시정 참여 강화,,서울시,https://youth.seoul.go.kr/infoData/plcyInfo/view.do?plcyBizId=20250522005400210869&tabKind=001,참여.권리,청년정책담당관,ㅇ 「서울특별시 청년 기본 조례」정비에 따른 서울시 위원회 청년위원 위촉 확대 추진(청년위원 10% 이상 위촉)을 통해 청년의 시정 참여 강화,"ㅇ 추진 근거
-「서울특별시 각종 위원회의 설치·운영에 관한 조례」제8조(위원회의 구성)
-「청년기본법」제15조(정책결정과정에 청년의 참여 확대)
-「청년기본법 시행령」제20조(청년 위촉 대상 위원회의 범위 등)
-「서울특별시 청년 기본 조례」제10조(청년의 참여 확대 등)
ㅇ 추진 경과
- 청년친화위원회 지정 및 관리 (’21.1.~’23.12.)
- 서울미래인재DB 사업 종료 및 후속 조치 시행 (’24.4.~7.)
-「서울특별시 청년 기본 조례」개정 (’24.5.)
- 서울시 위원회 청년 의무위촉 지정 및 관리 (’24.5.~)
ㅇ 사업 기간 : 2025. 1.~12.
ㅇ 사업 대상 : 서울 거주 또는 서울에서 활동하는 청년
- 연령 기준 : 19~39세
- 소득 기준 : 소득 무관
ㅇ 사업 내용
- 위촉 곤란 위원회*를 제외한 모든 위원회에 청년을 10% 이상 위촉하도록 관리․감독을 통해 청년 위촉 확대
* 청년의 참여가 어려운 위원회는 「청년기본법 시행령」제20조제1항 및 「서울특별시 청년 기본 조례」제10조제2항에 의거하여 청년정책조정위원회의 심의를 통해 지정함
ㅇ 추진 체계
- (사업 주체) : 서울시 직접사업",,,0,,만 19세 ~ 만 39세,제한없음,제한없음,제한없음,제한없음,,,,,,,,,,
20250522005400210865,기후동행카드(청년할인 서비스),ㅇ 청년의 사회진출 지원 및 생활안정을 목적으로 청년할인 대상(만 19~39세)에게 기후동행카드 정기권의 할인 제공,,서울시,https://youth.seoul.go.kr/infoData/plcyInfo/view.do?plcyBizId=20250522005400210865&tabKind=001,복지.문화,교통기획관,ㅇ 청년의 사회진출 지원 및 생활안정을 목적으로 청년할인 대상(만 19~39세)에게 기후동행카드 정기권의 할인 제공,"ㅇ 사업 근거
- 「청년기본법」 제4조(국가와 지방자치단체의 책무) 1항
- 「서울특별시 청년 기본 조례」 제15조(청년의 생활안정) 3항
ㅇ 추진 경과
- 기후동행카드 기자설명회                          : ’23.9.11
- 기후동행카드 시범사업 서비스 개시                : ’24.1.27
- 기후동행카드 청년할인 혜택 적용                  : ’24.2.26
- 본사업 개시(청년할인 적용 및 사후환급 추진)       : ’24.7.1
ㅇ 사업 기간 : ’24.7.1. 이후~ 계속
ㅇ 사업 대상 : 만 19~39세에 해당하는 청년
- ’24년 기준 ’85.1.1부터 ’05.12.31에 해당하는 모든 청년 대상
- 단, 티머니 홈페이지 가입을 통해 본인 연령 인증 필수
ㅇ 사업 내용
- 청년할인 연령 대상에게 기후동행카드 정기권 7천원 할인 혜택
ㅇ ’25년 사업비 : 10,500 백만원 (지방비 100%)",,,0,,만 19세 ~ 만 39세,제한없음,제한없음,제한없음,제한없음,,,,,,,,,,
20250519005400210859,서울시 고립·은둔청년 지원사업,"ㅇ 청년정책 사각지대에 놓인 고립·은둔청년에 대한 발굴과 맞춤 지원을 통해 청년의 사회성, 대인관계 능력 향상지원 및 사회진입 촉진",,서울시,https://youth.seoul.go.kr/infoData/plcyInfo/view.do?plcyBizId=20250519005400210859&tabKind=001,복지.문화,청년사업담당관,"ㅇ 청년정책 사각지대에 놓인 고립·은둔청년에 대한 발굴과 맞춤 지원을 통해 청년의 사회성, 대인관계 능력 향상지원 및 사회진입 촉진","ㅇ (사업 근거)
- 청년기본법 제21조(청년 복지증진)
- 서울특별시 청년기본조례 제12조(청년의 고용확대 등), 제15조(청년의 생활안정), 제18조(청년의 건강증진)
- 서울특별시 사회적 고립청년 지원에 관한 조례
ㅇ (추진 경과)
- 2019년 : 고립청년 밀착지원 사업(시범사업) 추진
- 2020년~ : 서울시 고립청년 사회적 자립 지원사업
- 2021년 : 서울시 사회적 고립청년 지원에 관한 조례 제정
- 2022년 : 서울시 고립·은둔청년 실태조사 실시
- 2023년 : 서울시 고립·은둔청년 종합지원 계획 수립
- 2024년 : 고립‧은둔청년 전담기관 ’서울청년기지개센터‘ 개관
ㅇ (사업 기간) ‘20년~
ㅇ (사업 대상) 서울시 거주 19~39세 고립·은둔 청년
- (연령 기준) 19~39세
- (소득 기준) 없음
ㅇ (사업 내용) 고립·은둔청년과 가족에 대한 종합적·체계적 맞춤지원
- (원스톱 지원) 발굴→진단→지원→사회진입→사후관리까지 통합 지원·관리
- (주변인 지원) 부모 등 주변인 대상 실전형 교육, 상담 및 자조모임 지원
- (생태계 조성) 민·관 다양한 자원 발굴, 연계로 자기주도 회복 지원
ㅇ (사업비) 4,329백만원 (지방비 4,329백만원)",,-,0,,만19세~만39세(의무복무 제대군인은 최대 3년 연장 지원),제한없음,제한없음,제한없음,제한없음,"의무복무 제대군인은 군 복무기간에 따라 최대 3년 연장 지원
- 1년 미만 복무 : 만 40세(1984년생)까지
- 1년 이상 ~2년 미만 복무 : 만 41세(1983년생)까지
- 2년 이상 복무 : 만 42세(1982년생)까지",,,,,,,,,
20250519005400210856,자립준비청년 자립수당 지원,ㅇ 자립준비청년에게 자립수당을 지급하여 보호종료 후 경제적 부담을 완화하고 복지향상을 통해 안정적인 사회 정착 및 성공적 자립 기여,,서울시,https://youth.seoul.go.kr/infoData/plcyInfo/view.do?plcyBizId=20250519005400210856&tabKind=001,복지.문화,아동담당관,ㅇ 자립준비청년에게 자립수당을 지급하여 보호종료 후 경제적 부담을 완화하고 복지향상을 통해 안정적인 사회 정착 및 성공적 자립 기여,"ㅇ (사업 근거)
- 아동복지법 제38조제1항제1의2(자립에 필요한 자립정착금 및 자립수당 지급)
ㅇ (추진 경과)
- 2019. 4. 보건복지부 시범사업 실시
- 2021. 7. 지원대상, 지원기간 확대(’17.5월 이후 자립준비청년, 3년 → 18.8월 이후 자립준비청년, 5년)※ 보건복지부 자립준비청년 지원강화 방안(‘21.7.13)
- 2022. 8. 자립수당 월 30만원 → 월 35만원 증액
- 2023. 1. 자립수당 월 35만원 → 월 40만원 증액
- 2024. 1. 자립수당 월 40만원 → 월 50만원 증액
ㅇ (사업 기간) ‘19년~
ㅇ (사업 대상)
- (연령 기준) 보호종료 5년 이내 자립준비청년
· 만 18세 이후 만기 또는 연장 보호종료된 자(단, ’18.8월 이후 보호종료된 자)
· 만 15세 이후 보호조치가 조기 종료된 자로서 만 18세가 된 자
- (기타 조건)
· 보호종료일을 기준으로, 과거 2년 이상 연속하여 보호를 받은 자
ㅇ (사업 내용)
- 방문·우편·온라인 신청 시, 자치구에서 지급결정하여 매월 50만원 지급(최대 60개월)
ㅇ (사업비)  8,464백만원 (국비 4,232백만원, 지방비 4,232백만원)",,,0,,만 15세 ~ 만 23세,제한없음,제한없음,제한없음,기타,,,,,,,,,,
20250519005400210855,서울 청년 마음건강 지원사업,우울·불안 등 정서적 어려움을 겪는 청년의 마음건강 회복,,서울시,https://youth.seoul.go.kr/infoData/plcyInfo/view.do?plcyBizId=20250519005400210855&tabKind=001,복지.문화,청년사업담당관,우울·불안 등 정서적 어려움을 겪는 청년의 마음건강 회복,"ㅇ (사업 내용) 2단계 선별검사로 과학적 진단을 통한 맞춤형 상담 지원
－ (마음진단) 사전심리검사 및 상담을 통한 마음상태 유형 분류
－ (심층상담) 유형군별 1:1 맞춤 상담 지원(기본 6회, 최대 10회)
－ (사후관리) 심리지원 및 성장지원 프로그램 제공(특강, 멘토링, 힐링체험 등)",,"- (1차) ’25. 1. 20. ~ ’25. 1. 23.
- (2차) ’25. 4. 14. ~ ’25. 4. 17.
- (3차) ’25. 6. 23. ~ ’25. 6. 26.
- (4차) ’25. 9. 4. ~ ’25. 9. 11.","10,000명 이상",,만 19세 ~ 만 39세1. (의무복무 제대군인은 최대 3년 연장 지원),제한없음,제한없음,제한없음,기타,"만 19세~39세 서울 거주 청년 중 심리지원이 필요한 청년(1985년생~2006년생)
(*의무복무 제대군인의 경우, 군 복무기간에 따라 최대 3년 연장 지원)
의무복무제대군인
- 1년 미만 복무 : 만 40세(1984년생)까지
- 1년 이상 ~2년 미만 복무 : 만 41세(1983년생)까지
- 2년 이상 복무 : 만 42세(1982년생)까지",,"청년몽땅정보통 온라인 신청(분기별 4회 모집)
※ 1월, 4월, 6월, 9월 모집 예정으로, 서울시 홈페이지 및 청년몽땅정보통 모집 공고문 게시
※ 연도 내 중복참여 불가",,,,"ㅇ 상담 관련 문의
－ 서울광역청년센터 평일 오전 9시 ~ 오후 5시(점심시간 오후 12 ~ 1시, 주말, 공휴일 미운영)
☎ 02-6358-0642, 0643, 0644, 0645, 0646",,https://youth.seoul.go.kr/youthConts.do?key=2310100076&sc_pbancSeCd=009&sc_bbsStngSn=2212200001&sc_bbsCtgrySn=2310200008&sc_qnaCtgryCd=&sc_faqCtgryCd=010&sc_hwStngSn=2501030001&sc_hwCtgrySn=0,
20250519005400210852,희망두배 청년통장,"학자금 대출, 주거비, 비정규직 취업 등으로 어려움을 겪고 있는 청년의 자립지원을 통하여 저소득 근로청년의 자립의욕 고취",,서울시,https://youth.seoul.go.kr/infoData/plcyInfo/view.do?plcyBizId=20250519005400210852&tabKind=001,복지.문화,서울시,"학자금 대출, 주거비, 비정규직 취업 등으로 어려움을 겪고 있는 청년의 자립지원을 통하여 저소득 근로청년의 자립의욕 고취","□ 본인저축액 : 월 15만원
□ 매칭지원액 : 본인저축액과 동일한 금액 매월 적립
□ 약정기간 : 24개월(2년) 또는 36개월(3년) 중 선택
□ 적립금 총액
ㅇ [15만원·2년] 총 720만원
ㅇ [15만원·3년] 총 1,080만원
□ 저축방법 : 매월 자동이체",,20250609 ~ 20250620,10000,,만 18세 ~ 만 34세,제한없음,제한없음,재직자,기타,,,"□ 신청기간 : 2025. 6. 9.(월) ~ 6. 20.(금) 18:00 ※ 신청기간 외 접수 불가
□ 신청방법 : 온라인 신청(PC만 신청 가능)",,,https://account.welfare.seoul.kr,"ㅇ (사업 근거)
- 「서울특별시 주민생활안정 지원에 관한 조례」제4ㆍ5조 및 시행규칙 제2ㆍ3조
- 희망두배 청년통장 저소득 근로청년 자립지원 계획(행정1부시장방침 제56호, ’15.6.6)
ㅇ (추진 경과)
- 희망두배 청년통장 신규 출시(’15년 1,000명)
- 희망두배 청년통장 선발 확대
(’18년 2,000명, ’19~’20년 각 3,000명, ’21~’22 7,000명, ’23~’24 10,000명)
ㅇ (사업 기간)
- ’25. 1월 ~ ’25. 12월
ㅇ (사업비) 46,307백만원 (시비 45,307, 민간재원 1,000)",,https://youth.seoul.go.kr/content.do?key=2310100069,
20250519005400210851,서울 영테크,청년 금융교육 및 재무상담을 통한 경제적 자립 지원,,서울시,https://youth.seoul.go.kr/infoData/plcyInfo/view.do?plcyBizId=20250519005400210851&tabKind=001,복지.문화,청년사업담당관,청년 금융교육 및 재무상담을 통한 경제적 자립 지원,"무료 재무상담(대면, 비대면) 및 금융교육, 커뮤니티 운영
ㅇ (재무상담) 재무진단, 소득지출관리, 투자관리, 신용관리 등 맞춤형 재무설계 지원
- 상담범위 : 재무진단, 소득지출관리, 투자상담, 금융상품분석, 신용부채관리 등
- 상담방법 : (혼합상담) 대면상담과 화상, 전화 등 비대면상담을 혼합하여 진행 / (비대면상담) 화상, 전화, 이메일 등 비대면으로만 상담 진행
- 상담종류 : (신규상담) 영테크 상담을 처음 받는 청년 (최대 3회 상담) / (연차상담) 영테크 상담을 이미 받은 청년 (최대 2회 상담)
※위 사항은 협의에 의해 변경 될 수 있음
ㅇ (금융교육) 경제상식, 금융투자, 부동산, 신용관리 등 분야별 강의 진행
ㅇ (사업홍보) 영테크 홍보단 운영, 온라인 커뮤니티 및 사회관계망 서비스 등 활용
ㅇ 문의처 : 02-1644-7747",,20250301 ~ 20251130,0,,만 19세 ~ 만 39세,제한없음,제한없음,제한없음,제한없음,"ㅇ 재무상담 : 신청일자 기준으로 서울시에 주소지가 등록되어 있는 만 19~39세 청년
* 영테크 홈페이지에서 별도의 제출서류 없이 신청 가능합니다.
ㅇ 금융교육 : 서울시에서 생활하는 청년(만19~39세)
* 금융교육 강좌별로 영테크 홈페이지 영테크 클래스 페이지에서 선착순으로 신청 가능합니다.",,,,정보제공 동의(주민등록등본 정보 제공 : 서울시 거주 여부) 하신 경우 별도의 신청 서류는 없음,https://youth.seoul.go.kr/youngtech/main,"ㅇ 사업 근거
- 청년기본법 제22조(청년 금융생활 지원)
- 서울시 청년 기본 조례 제14조(청년의 금융 생활 지원 등)
ㅇ 추진 경과
- 서울시장 공약사항 발표 : ’21. 4. 7(국회 기자회견, ’21. 2월)
- 추진 방향 및 세부 운영 방안 위한 자문회의(5회) : ’21. 8~10월
- 서울 영테크(청년 재테크 컨설팅 플랫폼) 추진계획 수립(’21. 8월)
- 서울 영테크 사업 개시 : 비대면 상담(’21. 11월), 대면 상담(’22. 2월)
- 서울 영테크 재무정보 시스템 운영 개시(’24. 4월~)
- 서울 영테크 2.0 추진계획 수립(’24. 10월)
ㅇ 사업 기간 : ’21. 11. ~ (계속)
ㅇ (사업비) 2,950백만원 (지방비 2,950)",,,
20250515005400210822,서울시 청년해외봉사단,청년들의 국제개발협력사업 참여기회 확대 및 봉사활동을 통한 글로벌 역량 강화 지원,,서울시,https://youth.seoul.go.kr/infoData/plcyInfo/view.do?plcyBizId=20250515005400210822&tabKind=001,참여.권리,서울특별시,청년들의 국제개발협력사업 참여기회 확대 및 봉사활동을 통한 글로벌 역량 강화 지원,"□ 국내교육 및 발대식 + 해외봉사(1개월) + 커뮤니티, 진로연계 등 후속지원프로그램(선택)
□ 왕복항공권, 생활비, 숙소, 예방접종, 해외여행자보험 및 긴급이후송서비스(SOS) 등
□ 프로그램 종료 시, 100시간(봉사활동) 인증 예정
* 자기부담금없음
□ 파견지역 : 라오스, 우즈베키스탄
□ 파견기간 : 해외 현지 파견 약 1개월
※ 25년 7월 중 출국 / 25.7.15.~25.8.12.예정
□ 주요활동 : 지역환경개선 및 취약계층 지원을 위한 노력봉사 활동 중점 수행",상시,20250501 ~ 20250520,130,,만 19세 ~ 만 39세,제한없음,제한없음,제한없음,제한없음,"만 19세 이상 39세 이하의 서울시 거주 청년이라면 누구나 지원 가능
(모집공고일 기준 1985.5.2. ~ 2006.5.1. 사이의 출생자 / 사회배려청년 및 시정기여자 우대)
※ 의무복무 제대군인은 최대 3년까지 지원연령 확대(자세한 사항은 신청 화면 FAQ 참고)
①봉사 정신이 투철한 대한민국 국적의 만 19세 이상 39세 이하의 서울 거주 청년
②해외봉사활동을 수행하는 데 적합한 심신이 건강한 자
③ 국가공무원법 제 33조(결격사유)에 해당하지 아니한 자
④해외여행 결격 사유가 없는자[붙임2]
⑤협력국이 요청하는 자격 기준에 해당하는 자
⑥법령에 의한 여권 발급 거부 또는 제한 대상이 아닌 자(여권법 제 12조)
- 개인 일반 여권으로 파견 예정이며, 국내교육 대상자에 한해 상세 안내 예정
⑦남자의 경우, 군 복무를 필했거나 면제된 자
단, 군 미필자의 경우 병무청장이 허가하는 국외여행허가서 발급 가능자(서약서 제출)",,서울시 청년몽땅정보통 온라인 신청,"□ 1차 전형
- 접수 : 2025. 5. 1. (목) ~ 5. 20.(화)
- 서류심사 : 2025. 5. 21.(수) ~ 5. 28.(수)
- 서류전형 합격 발표(2배수 내외) : 2025. 5. 29.(목)
□ 2차 전형
- 적합도검사 : 2025. 5. 30. (금) ~ 6. 1.(일)
- 2차 면접심사 : 2025. 6. 7.(토)
- 면접전형 합격 발표(1.5배수 내외) : 2025. 6. 13.(금)
□ 3차 전형
- 신체검사 : 2025. 6. 14. (토) ~ 6. 17.(화)
- 신체검사 재검사 : 2025. 6. 21. (토) ~ 6. 24.(화)
- 최종합격자(국내 교육 대상자) 발표 : 2025. 6. 30.(월)
□ 국내교육(교육 100% 수료 후 최종 파견 확정) : 2025. 7. 4.(금) ~ 7. 10.(목)
□ 현지출국 : 2025. 7. 15.(화)
※ 상기 일정은 파견기관 및 협력국의 사정에 따라 변경될 수 있으며, 변경 시에는 별도 공지
※ 전형별 합격자 발표는 청년몽땅정보통마이페이지, 공지사항)과 개별 문자로 안내",,https://youth.seoul.go.kr/youthConts.do?key=2311120001&sc_detailAt=&pageIndex=1&orderBy=regYmd+desc&tabKind=200&sc_pbancSe=&sc_pbancSeCd=020&sc_bbsStngSn=2212200001&sc_bbsCtgrySn=2310200014&sc_pstSn=0&sc_userId=&sc_ntcPstYn=&sc_delYn=&sc_ctgry=&useYn=&sc_faqCtgryCd=001&sc_qnaCtgryCd=001&sc_plcyQnaSn=0&pstSn=&recordCountPerPage=10&nm=&mblTelno=,"□ 문의처
○ 청년몽땅정보통 내 '서울시 청년해외봉사단' 사업 Q&A 게시판
○ 수행기간(사단법인 코익스) 사무실 문의
☏ 031-757-5121, 메일 : seoulyouth@koics.org
※ 문의시간 : 평일 10:00 ~ 17:00 / 점심시간(12~13시) 및 공휴일 휴무",,https://news.seoul.go.kr/gov/archives/567007?listPage=1,
20250522005400210874,대학생 동아리 사회기여활동 지원,ㅇ 사회적 관계 회복을 위한 자발적인 연대와 협력 경험을 할 수 있도록 대학생 동아리 지원을 통해 사회 구성원으로의 성장 도움과 기회 제공,,서울시,https://youth.seoul.go.kr/infoData/plcyInfo/view.do?plcyBizId=20250522005400210874&tabKind=001,참여.권리,청년정책담당관,ㅇ 사회적 관계 회복을 위한 자발적인 연대와 협력 경험을 할 수 있도록 대학생 동아리 지원을 통해 사회 구성원으로의 성장 도움과 기회 제공,"ㅇ (사업 근거)
- 「서울시 청년 기본 조례」 제10조 제7항
- 「서울시 청년 기본 조례」 제23조
ㅇ (추진 경과)
- 청년정책 자문그룹 신규 정책 제안 : ’24. 8.
- 동아리 사회기여활동 지원사업 추진 관련 검토: ’24. 8. ~ 9.
※ 동아리 지원사업 지원 대상 범위, 금액, 방법, 추진체계 등
ㅇ (사업 기간) 2025. 1.~12.
ㅇ (사업 대상) 서울 소재 대학교 소속 동아리(최대 200개)
ㅇ (사업 내용)
- 서울 소재 53개 대학별 자체 심사를 거친 동아리를 대학 입학정원 규모에 따라 10~20개 이내 추천, 선정된 대학에 보조금 지급
ㅇ (사업비) 530백만원 (시비 100%)",,20250301 ~ 20250331,0,,만 0세 ~ 만 0세,대학 재학,제한없음,제한없음,기타,서울 소재 대학교 소속 동아리(최대 200개),,,,,,,,,
20250522005400210870,서울시 청년해외봉사단 사업,"ㅇ 청년에게 해외 봉사 경험을 제공하여 자존감 및 국제 감각 함양
 ㅇ 개발도상국 주민들의 삶의 질 향상 및 서울시와의 우호협력 관계 증진
 ㅇ 참여자의 경험이 한국사회로 환류되어 사회적기여 생태계를 조성하는 발판 마련",,서울시,https://youth.seoul.go.kr/infoData/plcyInfo/view.do?plcyBizId=20250522005400210870&tabKind=001,참여.권리,청년정책담당관,"ㅇ 청년에게 해외 봉사 경험을 제공하여 자존감 및 국제 감각 함양
ㅇ 개발도상국 주민들의 삶의 질 향상 및 서울시와의 우호협력 관계 증진
ㅇ 참여자의 경험이 한국사회로 환류되어 사회적기여 생태계를 조성하는 발판 마련","□ 사업 내용 : 청년들을 개발도상국 현지에 파견하여 봉사활동 수행
ㅇ 국내 사전 교육을 마친 후 파견국의 현지 수요에 맞도록 팀 배치
ㅇ 귀국 단원 대상으로 취업 및 교육 프로그램 지원 통한 진로 모색 연계
□ 파견지역 : 라오스, 우주베키스탄 (파견기간 1개월)
□ 지원내용 : 해외 체재비(주거비, 생활비), 항공료, 의료 지원 서비스 등",,20250501 ~ 20250520,130,,만 19세 ~ 만 39세,제한없음,제한없음,제한없음,한부모가정,"□ 사업 대상 : 서울시 거주 만19세~39세 청년
ㅇ 연령 기준 : 만19세~39세
- 모집공고일 기준 1985.5.2. ~ 2006.5.1. 사이의 출생자
※ 의무복무 제대군인은 최대 3년까지 지원연령 확대(자세한 사항은 FAQ 참고)
ㅇ 소득 기준 : 무관
ㅇ 우대 사항 : 서울시정기여자, 사회배려층(취약청년) 가산점 부여",,,,,https://youth.seoul.go.kr/youthConts.do?key=2311120001&sc_pbancSeCd=020&sc_bbsStngSn=2212200001&sc_bbsCtgrySn=2310200014&sc_qnaCtgryCd=001&sc_faqCtgryCd=001,"ㅇ (사업 근거)
- 국제개발협력기본법 제5조 (국가 등의 책무)
- 청년기본법 제24조 (청년 국제협력 지원)
- 서울특별시 국제교류협력 증진에 관한 조례 제 4조 (시의 책무)
- 서울특별시 청년기본조례 제19조 (청년의 국제협력)
ㅇ (추진 경과)
- 사업 추진계획 수립 및 예산확보 완료(일반회계 편성) : ʼ23. 12.
- 사업 운영 전문기관 선정 ※운영용역(ʼ24. 4.)
- 파견국(기관) 수요조사 및 선정 완료 : ʼ24. 4.
- 봉사단원 모집 홍보 및 접수 : ʼ24. 5.
- 봉사단원 선발 : ʼ24. 6. 18.
- 사전 국내 교육 실시 : ʼ24. 6.~7.
- 봉사단원 현지 파견 및 1개월간 봉사활동 진행 : ʼ24. 7. ~ 8.
- 귀국 : ʼ24. 8.6.
- 후속 조치 : ʼ24. 8.5. ~10. 7.
- 성과공유회 및 해단식을 통한 공식 활동 마무리 : ʼ24. 8.26.
ㅇ (사업 기간) ‘23년 ~ (계속사업)
ㅇ (사업비) 1,080백만원 (지방비 1,080백만원)",,,
20250522005400210868,청년참여 활성화 및 서울청년참여기구 운영 지원,"ㅇ 정책발굴, 예산편성, 모니터링(개선) 등 정책결정과정 전반에 걸쳐 다양한 청년참여 기회 제공
                          
 ㅇ 청년자율예산제를 통해 청년당사자의 시각으로 청년문제 해결 모색",,서울시,https://youth.seoul.go.kr/infoData/plcyInfo/view.do?plcyBizId=20250522005400210868&tabKind=001,참여.권리,청년정책담당관,"ㅇ 정책발굴, 예산편성, 모니터링(개선) 등 정책결정과정 전반에 걸쳐 다양한 청년참여 기회 제공
ㅇ 청년자율예산제를 통해 청년당사자의 시각으로 청년문제 해결 모색","ㅇ 사업 근거
- 청년기본법 제5조(청년의 권리와 책임)
- 지방재정법 제39조(지방예산 편성 등 예산과정의 주민참여)
- 서울특별시 청년 기본 조례 제10조(청년의 참여 확대 등)
- 서울특별시 청년참여 활성화 지원 조례 제5조(청년자율예산의 범위)
ㅇ 추진 경과
- (’13~’18년) 청년정책 공론장 상설화(청년의회→서울청년시민회의)
▲청년기본조례 제정(’15.1.2.), ▲청년수당, ▲희망두배 청년통장, ▲마음건강지원 등
- (’19.3월) 청년전담부서(現 미래청년기획관) 신설 및 청년자율예산제 도입
- (’20년~현재) 청년자율예산 편성 : 청년월세 지원사업, 고립청년 지원사업, 청년 마음건강 지원사업 등(76개 사업, 703억원)
ㅇ 사업 기간 : 2025. 1.~12.
ㅇ 사업 대상 : 서울시에서 거주 또는 활동하는 만 19~39세 청년
ㅇ 추진 체계
- (사업 주체) : 서울시 (시비 100%)
- (시행 방법) : 시 직접 사업 (사업비 470백만원)",,20250101 ~ 20250131,0,,만 19세 ~ 만 39세,제한없음,제한없음,제한없음,제한없음,,,,,,,,,,
20250522005400210867,청년 1인가구 소셜다이닝 건강한 밥상,ㅇ 청년 1인가구 맞춤형 요리교실 및 소통프로그램을 통해 건강한 식생활 회복 및 사회적 관계망 형성 지원,,서울시,https://youth.seoul.go.kr/infoData/plcyInfo/view.do?plcyBizId=20250522005400210867&tabKind=001,복지.문화,돌봄고독정책관,ㅇ 청년 1인가구 맞춤형 요리교실 및 소통프로그램을 통해 건강한 식생활 회복 및 사회적 관계망 형성 지원,"ㅇ 사업 근거
- 서울시 사회적 가족도시 구현을 위한 1인가구 지원 기본조례 제11조
ㅇ 추진 경과
- 2023년 건강한 밥상 시범 운영, 5개 자치구 총 624명 참여
- 2024년 건강한 밥상 운영, 5개 자치구 총 653명 참여
ㅇ 사업 기간 : ‘23. 4 ~ 계속
ㅇ 사업 대상 : 서울시 청년(19~39세) 1인가구
ㅇ 사업 내용 : 청년 1인가구 맞춤형 요리교실 및 소통프로그램 운영
ㅇ 사 업 비  : 102백만원(시비 100%)",,20250301 ~ 20250331,0,,만 19세 ~ 만 39세,제한없음,제한없음,제한없음,기타,1인가구,,,,,,,,,
20250522005400210864,청년내일저축계좌(근로능력 있는 수급자의 탈수급 지원),ㅇ 일하는 저소득 근로 청년이 자활에 필요한 자산을 형성할 수 있도록 재정적으로 지원하는 사업,,서울시,https://youth.seoul.go.kr/infoData/plcyInfo/view.do?plcyBizId=20250522005400210864&tabKind=001,복지.문화,복지기획관,ㅇ 일하는 저소득 근로 청년이 자활에 필요한 자산을 형성할 수 있도록 재정적으로 지원하는 사업,"ㅇ (사업 근거)
- 국민기초생활 보장법 제18조의8(자산형성 지원)
ㅇ (추진 경과)
- 2018년 청년희망키움통장 도입
- 2020년 청년저축계좌 도입
- 2022년 청년내일저축계좌 사업 개편
(청년희망키움통장, 청년저축계좌 ⇒ 청년내일저축계좌)
ㅇ (사업 기간)
- 2025년 1월 ~ 12월 시행
ㅇ (사업 대상)
- 기준 중위소득 50% 이하,  15세 이상 ~ 39세 이하
- 기준 중위소득 50%초과 ~ 100%이하, 19세 이상 ~ 34세 이하
ㅇ (사업 내용)
- 차상위 이하(수급자 포함)
‣ 본인저축액 : 월 10만원 이상 자율저축 (10만원 ~ 50만원까지)
‣ 정부지원액 : 30만원 (3년 평균 적립액 : 1,440만원+이자)
- 차상위 초과
‣ 본인저축액 : 월 10만원 이상 자율저축 (10만원 ~ 50만원까지)
‣ 정부지원액 : 10만원 (3년 평균 적립액 : 720만원+이자)
ㅇ (사업비) 88,221백만원 (국비 60,151, 지방비 28,070) ※ 매칭비율 60:28:12
- 청년내일저축계좌 81,286백만원 (국비 55,422 지방비 25,864)",,20250401 ~ 20250430,0,,만 15세 ~ 만 39세,제한없음,제한없음,재직자,제한없음,,,,,,,,,,
20250519005400210858,가족돌봄청년을 위한 사회서비스 지원,ㅇ 가족돌봄이라는 막중한 책임을 지고 있는 가족돌봄청년들의 돌봄부담을 경감하고 본인의 미래를 준비할 수 있도록 지원,,서울시,https://youth.seoul.go.kr/infoData/plcyInfo/view.do?plcyBizId=20250519005400210858&tabKind=001,복지.문화,복지기획관,ㅇ 가족돌봄이라는 막중한 책임을 지고 있는 가족돌봄청년들의 돌봄부담을 경감하고 본인의 미래를 준비할 수 있도록 지원,"ㅇ 사업 근거
-「서울특별시 가족돌봄청년 지원에 관한 조례」
ㅇ 추진 경과
- 서울시 가족돌봄청년 실태조사 추진계획 수립 (’22.7)
- 서울시 가족돌봄청년 실태조사 실시 (’22.10.~’23.3.)
- 서울시 가족돌봄청년 시범사업 자문단 운영 (’22.11.~’23.7.)
- 서울시 가족돌봄청년 지원계획 수립 (’23.8.)
- 서울시 가족돌봄청년 지원 전담기구 운영 (서울시복지재단, ’23.8.~)
- 공공·민간기관* 가족돌봄청년 후원·연계 협약 (’23.8.~)
* 한국토지주택공사, 주식회사 365mc, 초록우산, 희망친구기아대책, 효림의료재단, KMI 의료재단, 서울특별시사회복지협의회
- 자치구 협력체계 구축을 통한 가족돌봄청년 발굴 추진 (’24.5.~)
ㅇ 사업 기간 : 2025. 1. ~
ㅇ 사업 대상 : 가족돌봄청년        ※ 소득 무관하며, 그 외 조건 없음
- 서울시에 거주하며 장애, 신체 및 정신의 질병 등으로 도움이 필요한 가족을 돌보고 있는 9세~34세 이하의 가족돌봄청년
ㅇ 사업 내용
- 장애, 신체·정신의 질병 등으로 도움이 필요한 가족을 돌보고 있는 가족돌봄청년들에게 맞춤형 상담 실시, 정책정보 제공 및 서비스 연계
ㅇ 사 업 비 : 해당없음",,20250401 ~ 20250430,0,,만 9세 ~ 만 34세,제한없음,제한없음,제한없음,기타,,,,,,,,,,
20250519005400210857,청년 부상 제대군인 상담센터 운영,"ㅇ 19세~39세 청년 부상 제대군인 및 보훈대상자 대상, 건강한 삶과 공정한 사회진출 지원",,서울시,https://youth.seoul.go.kr/infoData/plcyInfo/view.do?plcyBizId=20250519005400210857&tabKind=001,복지.문화,복지기획관,"ㅇ 19세~39세 청년 부상 제대군인 및 보훈대상자 대상, 건강한 삶과 공정한 사회진출 지원","ㅇ 사업 근거
- 「국가보훈 기본법」제5조(국가와 지방자치단체의 책무)
- 「서울특별시 국가보훈대상자 예우 및 지원에 관한 조례」 제3조(책무)
- 「서울특별시 청년 장해 제대군인 지원에 관한 조례」
ㅇ 추진 경과
- 시장님-청년유공자 현충원 참배                     : 2021.6.25.
- 부상군인 및 청년유공자 애로사항 청취             : 2021.9.24.
- 전문가 자문, 보훈청 의견수렴(3회)                 : 2021.9월~10월
- 서울시 청년 부상제대군인 지원계획 수립           : 2021.11.19.
- 서울시 청년 부상제대군인 상담센터 개소           : 2022. 3. 25.
- 서울시 청년장해제대군인 지원에 관한 조례 제정    : 2022.10.17.
ㅇ 사업 기간 : 2022. 3월~ 계속
ㅇ 사업 대상 : 2,000여명  ※ 청년 보훈대상자 기준
-19세~39세 청년 부상 제대군인, 국가보훈대상자
ㅇ 사업 내용
- 청년 부상 제대군인·보훈대상자 대상, 건강한 삶·공정한 사회진출 지원
- 지원사업 내용
ㅇ 사업비 435백만원 (시비 435백만원)",,20250101 ~ 20250331,0,,만 19세 ~ 만 39세,제한없음,제한없음,제한없음,기타,,,,,,,,,,
20250519005400210853,학자금 대출이자 지원사업,ㅇ 고비용의 대학(원) 등록금 학자금대출로 인해 부채 문제에 직면한 청년들에게 학자금 대출이자를 지원하여 청년 부채 문제 경감 도모,,서울시,https://youth.seoul.go.kr/infoData/plcyInfo/view.do?plcyBizId=20250519005400210853&tabKind=001,복지.문화,청년사업담당관,ㅇ 고비용의 대학(원) 등록금 학자금대출로 인해 부채 문제에 직면한 청년들에게 학자금 대출이자를 지원하여 청년 부채 문제 경감 도모,"ㅇ 사업 근거
- 한국장학재단 설립 등에 관한 법률
- 서울특별시 대학생 학자금대출 이자지원에 관한 조례 및 시행규칙
ㅇ 추진 경과
- 서울특별시 대학생 학자금대출 이자지원에 관한 조례 제정(‘12.1.)
- 서울시-한국장학재단 학자금대출 이자지원 업무협약 체결(‘12.1.)
- 지원 대상자 대학원생까지 확대(‘20.10.)
- 지원 대상 다자녀의 범위를 3자녀에서 2자녀로 확대(’23.8.)
ㅇ 사업 기간 : ’12. 1. ~ (계속)
ㅇ 사업 대상 : 한국장학재단에서 학자금 대출을 받은 사람 중 대학(원) 재학생․휴학생 및 졸업 후 5년 이내 서울시 거주자
- (연령 기준) 연령 무관
- (소득 기준) 소득 8분위 이하
- (기타 조건) 소득 7분위 이하 및 다자녀가구는 우선 전액 지원
ㅇ 사업 내용 : 한국장학재단 대학(원)생 학자금대출에 대해 학기별(상․하반기 연2회) 기 발생한 이자액을 사후 지원(원리금에서 차감)
ㅇ 사업비 : 3,685백만원 (지방비 100%)",,20250801 ~ 20250911,0,,제한없음,,제한없음,제한없음,제한없음,소득 7분위 이하 및 다자녀가구는 우선 전액 지원,,청년몽땅정보통 홈페이지(https://youth.seoul.go.kr) 통해 온라인 신청,2025. 12월 말(예정),"[필수] 재학 또는 졸업증명서, [선택] 가족관계증명서(다자녀)",https://youth.seoul.go.kr,"① 본인 외의 자가 신청하는 경우 : 주민등록등본 또는 초본 제출
② 한국장학재단 홈페이지 內 등록정보 최신화 요청
- 본 사업 지원 신청 시에 개명 여부 및 연락처 등 정보 최신화 필요
(최신화 경로 : 한국장학재단 홈페이지>마이페이지>서비스이용자정보 수정 / 개명의 경우 : 콜센터(1599-2000)에 별도 연락 필요)
문의처 : 120 다산콜센터(02-120)",서울특별시, https://youth.seoul.go.kr/youthConts.do?key=2310100074&sc_pbancSeCd=002&sc_bbsStngSn=2212200001&sc_bbsCtgrySn=2310200003&sc_qnaCtgryCd=&sc_faqCtgryCd=006,
20250519005400210850,서울 청년수당,ㅇ 미취업 청년이 진로 탐색 및 목표 달성에 집중할 수 있도록 금전적 지원과 성장 지원을 통해 사회안전망 제공,,서울시,https://youth.seoul.go.kr/infoData/plcyInfo/view.do?plcyBizId=20250519005400210850&tabKind=001,복지.문화,청년사업담당관,ㅇ 미취업 청년이 진로 탐색 및 목표 달성에 집중할 수 있도록 금전적 지원과 성장 지원을 통해 사회안전망 제공,"ㅇ (사업 근거)
- 「청년기본법」제3조(정의) 및 제4조(국가와 지방자치단체의 책무)
- 「서울특별시 청년기본조례」제10조(청년의 참여 확대 등)
ㅇ (사업 기간) ’25년 1월 ~ ’25년 12월
ㅇ (사업 대상) 최종학력(중퇴·제적·수료) 졸업 후 서울시 거주 미취업* 청년
* 주30시간 이하 또는 3개월 이하 단기근로자는 미취업자로 간주
- (연령 기준) 19세 ~ 34세
- (소득 기준) 중위소득 150% 이하  ※ 단, 기초생활수급자 및 차상위계층 제외
- (기타 조건) 동일기간 정부 및 지자체 유사사업 중복참여 금지
ㅇ (사업 내용) 금전적 지원 및 성장 지원
- (금전적 지원) 매월 50만원×최대 6개월간 지급  ※ 생애 1회 지원
- (성장 지원) 진로 구체화, 자존감 회복 등 미취업 청년 지원 제공
ㅇ (사업비) 60,297백만원 (지방비 60,297백만원)",,20250301 ~ 20250331,0,,만 19세 ~ 만 34세,,제한없음,미취업자,기타,,,,,,,,,,
20250404005400210690,서울 동아리ON(대학생 동아리 사회 기여 활동 지원) 사업,서울시 대학생 동아리를 대상으로 사회 기여 활동을 위한 활동비를 지원하여 동아리 활동 활성화를 통한 사회적 관계 회복과 함께 지역 사회 문제 해결에 기여할 수 있도록 지원하는 사업,,서울시,https://youth.seoul.go.kr/infoData/plcyInfo/view.do?plcyBizId=20250404005400210690&tabKind=001,참여.권리,서울특별시,서울시 대학생 동아리를 대상으로 사회 기여 활동을 위한 활동비를 지원하여 동아리 활동 활성화를 통한 사회적 관계 회복과 함께 지역 사회 문제 해결에 기여할 수 있도록 지원하는 사업,"□ 모집 대상
ㅇ 지원대상 : 서울 소재 대학 소속 동아리(최대 200개)
- 대학 학부생 10명 이상으로 구성된 중앙동아리 또는 단과대학·학과동아리 등
- 타 대학과 연합(5개교 이상 참여)하여 구성한 동아리
ㅇ 지원제외
- 동일 유사사업으로 국가, 지방자치단체, 공공기관 등으로부터 국비·시비·구비 등을 지원받고 있거나 지원받을 예정인 동아리
- 공고일 기준 설립 6개월 미만 동아리
□ 지원 내용
ㅇ 사회 기여 참여 동아리 활동비 최대 200만원
※ 연합동아리의 경우 최대 500만원 지원
□ 활동 개요
ㅇ 활동기간 : 2025. 5월 ~ 11월
ㅇ 활동장소 : 서울시 내
ㅇ 활동내용 : 서울 시정가치(동행·매력)와 연계된 사회 기여 활동
□ 신청 방법
ㅇ 신청기간 : 2025. 3. 12.(수) 10:00 ∼ 4. 25.(금) 18:00 [45일 간]
ㅇ 신청방법 : 이메일 접수(서울시 청년정책담당관)
- 접수처 : jina7900@seoul.go.kr, kim6521954@seoul.go.kr
□ 문의사항
ㅇ 문의처 : 서울시 미래청년기획관 청년정책담당관(02-2133-6588/4328)",,20250312 ~ 20250425,"ㅇ 사회 기여 참여 동아리 활동비 최대 200만원
※ 연합동아리의 경우 최대 500만원 지원",,만 0세 ~ 만 0세,대학 재학,제한없음,제한없음,기타,동아리 활동과 관련해서 다른 기관에서 지원 받은 것이 있으면 제한될 수 있음,,"ㅇ 이메일 접수(서울시 청년정책담당관)
- 접수처 : jina7900@seoul.go.kr, kim6521954@seoul.go.kr",,,,,서울시 미래청년기획관 청년정책담당관 (02-2133-6588/4328),https://news.seoul.go.kr/gov/archives/566450,https://youth.seoul.go.kr/youthConts.do?key=2503190001&sc_pbancSeCd=027&sc_bbsStngSn=2212200001&sc_bbsCtgrySn=2503180018&sc_faqCtgryCd=099
V202500050,2025 청년예술청 운영,청년예술인의 예술생태계 안착 지원 및 창작·교육·교류 활성화를 위한 ‘청년예술인 종합지원 플랫폼’ 운영,,서울시,https://youth.seoul.go.kr/infoData/plcyInfo/view.do?plcyBizId=V202500050&tabKind=001,교육,서울시,청년예술인의 예술생태계 안착 지원 및 창작·교육·교류 활성화를 위한 ‘청년예술인 종합지원 플랫폼’ 운영,"1) 청년예술인 창업지원 프로그램 운영
2) 청년예술인 커뮤니티 사업 운영
3) 공간 및 대관 운영",2025,2025,,,만 19~39세,,,,,,,,,,,,서울시,,
V202500049,2025 서울청년문화패스,사회에 첫발을 내딛는 청년에게 공연 및 전시를 관람할 수 있는 문화이용권(바우처)을 지급하여 청년의 문화권 향상 및 문화예술계 활성화 도모,,서울시,https://youth.seoul.go.kr/infoData/plcyInfo/view.do?plcyBizId=V202500049&tabKind=001,복지.문화,서울특별시 문화정책과,사회에 첫발을 내딛는 청년에게 공연 및 전시를 관람할 수 있는 문화이용권(바우처)을 지급하여 청년의 문화권 향상 및 문화예술계 활성화 도모,"공연과 전시 관람에 사용할 수 있는 1인당 최대 20만원 상당의 문화이용권(바우처) 지급
- (관람분야) 공연(연극, 뮤지컬, 클래식, 오페라, 무용, 국악) 및 전시
- (관람방법) 서울청년문화패스 전용 홈페이지에서 예매 후 관람
- (예매기준) 예매 건당 7만원 이내 사용",,"2025.2월, 8월","약 19,000명",,20세~23세 청년(2002~2005년생),제한없음,제한없음,제한없음,제한없음,"- 연령 : 20~23세 (제대군인의 경우 복무기간에 따라 최대 3년 이내 연령 가산)
- 거주지 : 신청일 기준 주민등록/외국인등록대장 기준 서울 거주
- 소득 : 신청일 기준 건강보험료 본인부담금 기준 중위소득 150% 이하
※신청시 제공한 주민등록번호(외국인등록번호)와 ‘개인정보 수집·이용 및 제3자 제공 동의’에 따라 모집 마감 후 공공마이데이터 또는 국민건강보험공단에 조회
※신청자가 지역 세대원 또는 직장 피부양자인 경우 부양자 부과액 기준
※가구원수는 건강보험에 함께 등재된 사람을 기준으로 산정",,"청년몽땅정보통(youth.seoul.go.kr)에서 온라인 신청
ㅇ 청년몽땅정보통 → 교육문화 → 서울청년문화패스 → 신청하기
□ 신청 시 필수 입력 정보(주민등록 또는 외국인등록대장 기준)
ㅇ 이름, 성별, 주소, 연락처(휴대전화, 이메일)
ㅇ 주민등록번호(외국인등록번호)
※ 입력 정보가 실제와 다를 경우 선정이 취소될 수 있음
□ 동의서 작성(필수) : 개인정보 수집·이용, 고유식별정보 처리, 제3자 제공, 본인 행정정보 제공 요구서 동의
ㅇ 수집정보 : 성명, 주민등록번호, 휴대전화(연락처), 이메일, 성별, 주소, 건강보험 관련 정보, 병역 관련 정보
ㅇ 활 용 : 행정정보 공동이용 비대면 자격확인 서비스를 활용하여 신청 시 나이, 거주지 즉시 확인 및 공공마이데이터 활용을 통한 건강보험료 확인","□발표일 : 청년몽땅정보통 공지사항에 자세한 접수 일정 참고
□발표방법 : 선정자 개별 문자 발송 및 청년몽땅정보통 ‘마이페이지’ 확인",별도 제출서류 없음,https://youth.seoul.go.kr/youthConts.do?key=2310200023&sc_pbancSeCd=005&sc_bbsStngSn=2212200001&sc_bbsCtgrySn=2310200005&sc_qnaCtgryCd=&sc_faqCtgryCd=002,콜센터 ☎1533-3427[평일 업무시간(9~12시/13~18시) 이용가능],서울특별시,https://www.youthcultureseoul.kr,
V202500041,2025 청년 골목창업 지원,"ㅇ 청년창업 지원을 통한 혁신적인 청년 사업가 양성
ㅇ 지속가능한 골목창업환경 조성을 통한 지역경제 활성화",,서울시,https://youth.seoul.go.kr/infoData/plcyInfo/view.do?plcyBizId=V202500041&tabKind=001,일자리,서울특별시 소상공인정책과,"ㅇ 청년창업 지원을 통한 혁신적인 청년 사업가 양성
ㅇ 지속가능한 골목창업환경 조성을 통한 지역경제 활성화","- (이론교육) 상권분석, 임대차계약, 마케팅, 위생관리 등 창업 및 경영에 필수적인 주제별 강의 실시
- (실습교육) 전문가 1:1 코칭으로 레시피 개발 지원 및 품평회를 통한 실습 결과물 평가, 보완기회 제공
- (멘 토 링) 선배 사업가 멘토풀 활용, 경영 노하우 전수
- (사후관리) 창업 전후 컨설팅, 홍보 마케팅, 창업자금 최대 7천만원 융자지원",,"2025.3.1. ~ 2025.3.31., 2025.8.1. ~ 2025.8.31.",60,,만 19~39세,,,,,ㅇ 연령 : 만 19세~만 39세(※ 의무복무 제대군인 복무기간 최대 3년 가산),,"상반기 : 신청마감
하반기 : 7월 말 ~ 8월 말 예정",,,https://youth.seoul.go.kr/content.do?key=2310100025,,서울특별시 소상공인정책과,https://youth.seoul.go.kr,
V202500039,2025 청년쿡 비즈니스센터 운영,청년 푸드산업 스타트업 창업 활성화를 위한 성장 기반 마련,,서울시,https://youth.seoul.go.kr/infoData/plcyInfo/view.do?plcyBizId=V202500039&tabKind=001,일자리,서울특별시 청년사업담당관,청년 푸드산업 스타트업 창업 활성화를 위한 성장 기반 마련,푸드산업 청년 스타트업 성장을 위한 프로그램 지원,2025.1월~12월,2025.1월~12월,"총 20개사 (입주 10개사, 비입주 10개사)",,만 19~39세,,,,,,,,,,https://youth.seoul.go.kr/content.do?key=2310100028,,,https://youth.seoul.go.kr,
V202500030,2025 학자금대출 신용회복(신용유의자 해제) 지원사업,학자금 대출로 신용유의자가 되어 사회진입에 어려움을 겪는 청년들에게 신용회복 지원함으로써 건강한 금융생활 도모,,서울시,https://youth.seoul.go.kr/infoData/plcyInfo/view.do?plcyBizId=V202500030&tabKind=001,복지.문화,서울특별시 미래청년기획관,학자금 대출로 신용유의자가 되어 사회진입에 어려움을 겪는 청년들에게 신용회복 지원함으로써 건강한 금융생활 도모,"- (서울시) 분할상환약정 체결을 위한 ‘초입금 지원’(채무금액의 5%)
- (한국장학재단) 분할상환약정 체결을 통한 신용유의자 등록 해제",,2025.02.10. 10:00 ~ 2025.10.24. 18:00,300명,,"만 19세 ~ 39세 (※ 단, 제대군인의 경우, 군복무기간에 따라 최대 42세까지 지원 가능)",,,,,,"2017년~2024년 중  동 사업을 지원받았거나, 타지자체·기관에서 유사한 지원을 받은 사람은 2025년 지원대상에서 제외됨.",청년몽땅정보통에서 온라인 접수,2월부터 월 1~2회 수시 심사 및 결과 안내,"※ 원칙적으로 별도 서류 제출이 불필요하나, 만 40~42세인 제대군인의 병역기간 확인이 되지 않을 경우, '병적증명서' 또는 '주민등록초본'을 반드시 첨부해야 함.",https://youth.seoul.go.kr/youthConts.do?key=2310100075&sc_pbancSeCd=001&sc_bbsStngSn=2212200001&sc_bbsCtgrySn=2310200002&sc_qnaCtgryCd=&sc_faqCtgryCd=007,"- 신용유의자 등록 여부는 신청 전 본인이 직접 한국장학재단 신용회복지원상담센터(1599-2250)에서 확인해야 함.
- 문의 : 다산콜센터  ☎ 120",서울시 미래청년기획관,https://mediahub.seoul.go.kr/archives/2010129,
V202500029,2025 학자금 대출이자 지원사업,고비용의 대학(원) 등록금 학자금대출로 인해 부채 문제에 직면한 청년들에게 학자금 대출이자를 지원하여 청년 부채 문제 경감 도모,,서울시,https://youth.seoul.go.kr/infoData/plcyInfo/view.do?plcyBizId=V202500029&tabKind=001,복지.문화,서울특별시 미래청년기획관,고비용의 대학(원) 등록금 학자금대출로 인해 부채 문제에 직면한 청년들에게 학자금 대출이자를 지원하여 청년 부채 문제 경감 도모,"대학생은 학업에 집중할 수 있도록, 학부모는 가계부담을 덜 수 있도록 학자금 대출이자를 지원하는 사업입니다. 한국장학재단에서 대출받은 학자금의 대출이자를 지원하여 실질적인 상환 부담을 줄이고자 하는 제도입니다.",,2025.8.1.(금) 10:00 ~ 9.11.(목) 18:00,"39,000명",,19세 ~ 39세,,,,,"- 소득7분위 이하의 서울지역 대학(원)생(졸업생은 졸업 후 5년 이내까지 지원 가능)
- 소득8분위 이상은 예산 등을 고려하여 심의위원회 심의를 통해 지원 여부 결정
※ 소득 구간 : 한국장학재단 대출 신청일을 기준으로 하되, 한국장학재단에 소득분위 정보가 없는 경우, 2024년도 소득구간을 기준으로 산정
- 다자녀 가구 대학(원)생은 소득수준 제한 없음",,청년몽땅정보통(https://youth.seoul.go.kr)에서 온라인 접수된 경우만 인정,2025.12월말(예정),"① [필수] 대학(원) 재학 및 졸업증명서 등 재학․졸업 증명 가능 서류
② [선택] 가족관계증명서 (다자녀인 경우만 제출)
③ [예외] 신청자가 ‘본인’이 아닌 경우(신청자≠지원대상) 주민등록등․초본
- 본인이 아닌 부모, 형제자매 등이 신청한 경우 주민등록등·초본 제출 필수
* 신청자가 본인인 경우 개인정보 제3자 제공 동의 시 제출 불필요
④ [예외] 소득분위정보가 없는 경우 건강보험료납부확인서(직장, 지역가입자), 건강보험자격확인서",https://youth.seoul.go.kr,"① 본인 외의 자가 신청하는 경우 : 주민등록등본 또는 초본 제출
② 한국장학재단 홈페이지 內 등록정보 최신화 요청
- 본 사업 지원 신청 시에 개명 여부 및 연락처 등 정보 최신화 필요
► 최신화 경로 : 한국장학재단 홈페이지➔마이페이지➔서비스이용자정보 수정
► 개명의 경우 : 콜센터(1599-2000)에 별도 연락 필요
③ 증빙서류 제출시 “열람용”은 인정 불가, 정식 발급된 서류 제출 요청",서울특별시 미래청년기획관, https://youth.seoul.go.kr/youthConts.do?key=2310100074&sc_pbancSeCd=002&sc_bbsStngSn=2212200001&sc_bbsCtgrySn=2310200003&sc_qnaCtgryCd=&sc_faqCtgryCd=006,
V202500013,2025 서울 청년 마음건강 지원사업,"서울시에 거주하고 있는 만19세~39세 청년의 마음건강을 지원합니다.
(*의무복무 제대군인의 경우, 군 복무기간에 따라 최대 3년 연장 지원)
기본 6회기 (1회기 당 50분) 자기이해 상담을 진행하면서, 심리상담 전문가와 함께 마음을 돌아보세요.
간이정신진단검사(KSCL95), 기질 및 성격검사(TCI) 등을 통해 더욱 체계적인 맞춤상담을 제공합니다.
* 검진결과에 따라, 개인에게 추가로 지원되는 심리서비스는 다를 수 있습니다.",,서울시,https://youth.seoul.go.kr/infoData/plcyInfo/view.do?plcyBizId=V202500013&tabKind=001,복지.문화,서울시,"서울시에 거주하고 있는 만19세~39세 청년의 마음건강을 지원합니다.
(*의무복무 제대군인의 경우, 군 복무기간에 따라 최대 3년 연장 지원)
기본 6회기 (1회기 당 50분) 자기이해 상담을 진행하면서, 심리상담 전문가와 함께 마음을 돌아보세요.
간이정신진단검사(KSCL95), 기질 및 성격검사(TCI) 등을 통해 더욱 체계적인 맞춤상담을 제공합니다.
* 검진결과에 따라, 개인에게 추가로 지원되는 심리서비스는 다를 수 있습니다.",ㅇ 우울·불안 등 정서적 어려움을 겪는 청년의 마음건강 회복,2025,2025년 4월 14일(월) 10시 ~ 4월 17일(목) 17시,"정서적 지원이 필요한 서울 거주 청년 11,000명",,만 19세~39세(1985년생~2006년생),,,,,,"신청자격
- 신청일 기준 서울시에 거주하고
- 연령 조건을 충족하는 자","- 총 4차(1월, 4월, 6월, 9월)에 걸쳐 참여자를 모집하며, 연도내 중복참여는 불가합니다.
※ 구체적인 일정은 향후 안내드릴 예정이며 회차별 상담진행에 따라 달라질 수 있습니다.",,,,,서울시,https://youth.seoul.go.kr/youthConts.do?key=2310100076&sc_pbancSeCd=009&sc_bbsStngSn=2212200001&sc_bbsCtgrySn=2310200008&sc_qnaCtgryCd=&sc_faqCtgryCd=010&sc_hwStngSn=2501030001&sc_hwCtgrySn=0,
V202500028,2025 희망두배 청년통장,"- 근로하는 청년이 목돈 마련을 통해 경제적으로 자립하고 구체적인 미래계획을 수립하여, 희망한 미래를 열어갈 수 있도록 지원하는 자산형성지원사업입니다. 
- 본 통장에 가입한 후 2년 또는 3년간 매월 15만원의 금액을 저축하게 되며, 저축한 금액과 동일한 금액을 서울시 예산과 시민후원금으로 추가 적립하여 지원합니다.",,서울시,https://youth.seoul.go.kr/infoData/plcyInfo/view.do?plcyBizId=V202500028&tabKind=001,복지.문화,서울시 돌봄복지과,"- 근로하는 청년이 목돈 마련을 통해 경제적으로 자립하고 구체적인 미래계획을 수립하여, 희망한 미래를 열어갈 수 있도록 지원하는 자산형성지원사업입니다.
- 본 통장에 가입한 후 2년 또는 3년간 매월 15만원의 금액을 저축하게 되며, 저축한 금액과 동일한 금액을 서울시 예산과 시민후원금으로 추가 적립하여 지원합니다.","○ 지원내용
- 본인저축액 : 월 15만원
- 매칭지원액 : 본인저축액과 동일한 금액 매월 적립
- 약정기간 : 24개월(2년) 또는 36개월(3년) 중 선택
- 적립금 총액 : [15만원·2년] 총 720만원, [15만원·3년] 총 1,080만원
- 저축방법 : 매월 자동이체
- 매칭금액 지원기관 : 서울시, 서울사회복지공동모금회 등",,2025. 6. 9.(월) ~ 6. 20.(금) 18:00 ※ 신청기간 외 접수 불가,"18세 ~ 34세 이하 청년 10,000명",,18세 ~ 34세,,,,,"-본인소득 : 세전 월 255만원 이하
-부양의무자: 고소득(1억원), 고재산(9억원) 미만","- 적립기간 동안 서울시 연속 거주
- 적립기간의 50% 이상 저축
- 적립기간의 50% 이상 근로 (만기 시 근로 증빙 필수)
- 적립기간 동안 금융교육 연 1회 이상 이수
- 기타 약정 내용을 위반하지 않고 성실히 이행",,,,,,서울시,https://account.welfare.seoul.kr/web/main/index.lp,
V202500027,2025 서울 영테크 지원사업,"자산형성이 어려운 청년에게, 효과적이고, 체계적인 맞춤형 재무상담과 금융교육을 제공하여 경제적 자립을 지원하는 사업입니다.",,서울시,https://youth.seoul.go.kr/infoData/plcyInfo/view.do?plcyBizId=V202500027&tabKind=001,복지.문화,서울시  청년사업담당관,"자산형성이 어려운 청년에게, 효과적이고, 체계적인 맞춤형 재무상담과 금융교육을 제공하여 경제적 자립을 지원하는 사업입니다.","1) 서울 영테크 재무상담
- 1:1 재무 상담(재무 진단, 소득 및 지출 관리, 투자 상담 등) 무료 제공
2) 서울 영테크 클래스
- 내용 : 9개 금융교육과정 운영(재무 설계, 경제 상식, 신용 관리, 세금 설계, 금융 사기, 보험 분석, 청년 투자, 부동산, 은퇴 설계)",특정기간,-,-,,19세 ~ 39세,,,,,"1) 서울 영테크 재무 상담 : 맞춤형 재무상담 (무료)
- 신청기간 : 수시접수
- 상담범위 : 재무진단, 소득지출관리, 투자상담, 금융상품분석, 신용부채관리 등
- (혼합상담) 대면상담과 화상, 전화 등 비대면상담을 혼합하여 진행
- (비대면상담) 화상, 전화, 이메일 등 비대면으로만 상담 진행
2) 서울 영테크 클래스  : 청년 맞춤형 금융교육과정 매주 운영
- 신청기간 매월 1, 2주 교육 : 전월 15~20일 신청접수, 매월 3, 4주 교육 : 당월 1~6일 신청접수
- 교육주제 : 재무설계, 경제상식, 신용관리, 세금설계, 금융사기, 청년투자 등 9개 분야",,,,,,,서울시,https://youth.seoul.go.kr/youngtech/main,
V202500011,2025 청년 부상 제대군인 상담센터 운영,"군 복무 중 부상을 입고 제대한 청년 군인들이 합당한 대우와 보상을 받을 수 있도록 도와주고 
사회 진출의 발판을 마련해 드리는 원스톱 지원 센터로 2022년 3월 개소하여 운영 중입니다.",,서울시,https://youth.seoul.go.kr/infoData/plcyInfo/view.do?plcyBizId=V202500011&tabKind=001,복지.문화,서울시,"군 복무 중 부상을 입고 제대한 청년 군인들이 합당한 대우와 보상을 받을 수 있도록 도와주고
사회 진출의 발판을 마련해 드리는 원스톱 지원 센터로 2022년 3월 개소하여 운영 중입니다.","법률 상담 및 자문
- 국가보훈대상자 등록 신청 지원
- 요건 심사, 상이등급 조정 지원
- 행정심판, 행정소송 등 소송 지원
심리상담, 자조모임 지원
- 1대1 개인 심리상담(10회기), 자조모임(10회기) 제공 ※청년 부상제대군인 직계가족 포함
취업ㆍ창업 지원
- 정부, 서울시, 보훈처, 제대군인센터 취업ㆍ창업 프로그램 맞춤형 연계
보훈 선양 콘텐츠 제작 및 행사 개최
- 2023년 '연평도 포격전 연극 상연회', '호국보훈의 달 행사', '학술 심포지엄' 예정",2025,2025,"2,000여명  ※ 청년 보훈대상자 기준",,서울시에 거주하고 있는 만 19세 ~ 만 39세 청년 부상제대군인 및 직계가족,,,,,,,,,,,"전화(서울특별시 청년부상제대군인상담센터) : ☎ 02-6354-2030, 2031
이메일: wvsckorea@gmail.com",서울시,,
V202500026,2025 서울 청년수당,"ㅇ 서울에 거주하고 있는 만 19세~34세 미취업 또는 단기 근로 청년에게 활동지원금(월 50만원 최대 6개월)을 지급하고, 강점진단 종합지원, 멘토링, 취업지원 프로그램 제공 등 청년 니즈에 맞게 프로그램 연계를 지속 지원하는 사업",,서울시,https://youth.seoul.go.kr/infoData/plcyInfo/view.do?plcyBizId=V202500026&tabKind=001,복지.문화,서울특별시 청년사업담당관,"ㅇ 서울에 거주하고 있는 만 19세~34세 미취업 또는 단기 근로 청년에게 활동지원금(월 50만원 최대 6개월)을 지급하고, 강점진단 종합지원, 멘토링, 취업지원 프로그램 제공 등 청년 니즈에 맞게 프로그램 연계를 지속 지원하는 사업",ㅇ 미취업 청년이 진로 탐색 및 목표 달성에 집중할 수 있도록 금전적 지원과 성장 지원을 통해 사회안전망 제공,,2025. 3. 6.(목) 10:00 ~ 2025. 3. 13.(목) 20:00,만19~34세 최종학력 졸업 이후 미취업 청년 2만여 명,,만19세~34세 (출생일이 1990년 3월 1일~2006년 3월 31일인 자),,,"미취업자만 신청가능 단, 주30시간 이하 또는 3개월 이하 단기근로자 신청 가능",,,,,,,https://youth.seoul.go.kr/youthConts.do?key=2310100061&sc_pbancSeCd=012&sc_bbsStngSn=2212200001&sc_bbsCtgrySn=2310200011&sc_qnaCtgryCd=004&sc_faqCtgryCd=005,,서울특별시,https://youth.seoul.go.kr,
V202500010,2025 서울시 가족돌봄청년 지원사업,"가족돌봄청년 상황에 맞는 맞춤형 자원 안내 및 연결
생활비, 병원비, 주거비, 학습비, 문화활동 참여 기회 등(별도 공고를 통해 신청자격, 기한, 지원내용 안내)",,서울시,https://youth.seoul.go.kr/infoData/plcyInfo/view.do?plcyBizId=V202500010&tabKind=001,복지.문화,서울시,"가족돌봄청년 상황에 맞는 맞춤형 자원 안내 및 연결
생활비, 병원비, 주거비, 학습비, 문화활동 참여 기회 등(별도 공고를 통해 신청자격, 기한, 지원내용 안내)","ㅇ 가족돌봄이라는 막중한 책임을 지고 있는 가족돌봄청년들의 돌봄부담을 경감하고 본인의 미래를 준비할 수 있도록 지원
· 가족돌봄청년의 부담을 덜 수 있도록 상황에 맞는 자원을 연결.
- 청년의 상황에 필요한 정보나 정책 안내
- 새로운 정보 알림 및 프로그램 참여
- 후원자원 연계
· 생활비
· 병원비, 수술비, 간병비
· 주거비(집세)와 주거 지원
· 학습비, 교재비
· 문화활동 참여 기회(불꽃축제, 야구경기 등)",상시,운영시간 : 평일(월~금) 09:00~18:00,연 6억 5천만원(※ 매년 자원규모에 따라 상이),,만 9~39세,,,,,"민법상 가족이 장애, 정신 신체의 질병이 있고, 본인이 가족 돌봄(가사, 간병 등) 또는 가족의 생계를 책임(전부 또는 일부)지고 있으며, 가족 돌봄으로 인해 경제적 어려움, 개인생활의 제한, 학업 또는 생계활동 유지의 어려움, 문화 여가활동의 제한 등을 겪는 경우",,"1. 가족돌봄정보 등록(온라인)
: 서울복지포털 > 신청서비스 > 가족돌봄청년 지원 > 가족돌봄정보 등록
- 개인정보 수집·이용·제공 동의, 기본정보 및 가족돌봄정보 기재, 증빙서류 제출
※ 간편인증이 어려운 9~13세 가족돌봄청소년 또는 유관기관(동주민센터, 학교, 병원 등) 대상자 의뢰의 경우, 서울시복지재단 가족돌봄청년지원팀으로 문의(02-6353-0336~9)
2. 등록 정보 확인 후 개별 맞춤형 정책 안내 및 정보 제공
3. 후원 자원연계 및 역량강화 프로그램 등은 해당 사업 공고 일정에 따라 별도 신청 필요",,"필요 시 주민등록등본, 가족관계증명서, 돌봄대상자 장애인증명서또는 진단서 등",https://wis.seoul.go.kr/was/fmc/FamilyCareInfo.do?tabNo=4,"서울시 가족돌봄청년 지원 전담기구
- 운영시간 : 평일(월~금) 9:00~18:00
- 장소 : 서울시 동작구 현충로 75, 6층 서울시복지재단 흑석동 별관
- 문의방법 : 전화(02-6353-0336-9)",서울시복지재단,https://www.welfare.seoul.kr/web/contents/business1-3-8.do?schM=view&id=8412,"ㅇ 카톡 채널 서울시가족돌봄청년지원WAY,  / 인스타그램 @youngcarer_seoul"
V202500009,2025 서울시 고립 은둔청년 지원사업,"고립은둔 상황에 처해있는 청년들이 삶의 활력과 동기를 얻어, 사회로 안전하게 복귀할 수 있도록 심리상담 및 맞춤 프로그램 등을 제공하는 사업입니다.",,서울시,https://youth.seoul.go.kr/infoData/plcyInfo/view.do?plcyBizId=V202500009&tabKind=001,복지.문화,서울시,"고립은둔 상황에 처해있는 청년들이 삶의 활력과 동기를 얻어, 사회로 안전하게 복귀할 수 있도록 심리상담 및 맞춤 프로그램 등을 제공하는 사업입니다.","- 개인 심리정서적 어려움에 대한 심리지원 및 마음건강 정책 연계 지원
- 사회복귀 지원을 위한 진로탐색/취업역량강화 프로그램
- 고립상태 해소를 위한 대인관계역량 강화, 활동형 및 체험형 프로그램
- 온라인 상호작용 프로그램, 생활습관 형성, 공동생활 및 방문상담(소규모 인원)
- 부모교육 및 멘토양성 교육(별도 모집 예정)",2025. 1. 1 ~,2025. 1. 1 ~ (상시),2000명,,서울 거주 만19~39세 고립은둔청년 및 가족(1985년 1월 1일 ~ 2006년 12월 31일 출생),제한없음,제한없음,제한없음,제한없음,,,"① 청년몽땅정보통(https://youth.seoul.go.kr) 로그인
② 포털 상단 [금융복지] → [복지 지원] → [고립은둔청년 지원]
③ 신청자격 자가 확인 → 개인정보 활용 동의 → 신청서 작성(기본정보 등록) → 설문 작성(URL 클릭) → 신청 완료 → 개별 면접
※ 설문 미이행 시 사업참여가 어려울 수 있습니다.
④ 개별 면접 결과에 따라 선정 여부 결정",공고 참조,공고 참조,https://youth.seoul.go.kr/youthConts.do?key=2310100062&sc_pbancSeCd=008&sc_bbsStngSn=2212200001&sc_bbsCtgrySn=2310200007&sc_qnaCtgryCd=&sc_faqCtgryCd=013,문의전화 (전담기관 02-6953-2520),서울청년기지개센터,,
V202500036,2025 청년 부동산 중개보수 및 이사비 지원사업,이사가 잦은 청년가구의 주거비 부담을 완화하고 생활 안전망을 강화하기 위한 사업,,서울시,https://youth.seoul.go.kr/infoData/plcyInfo/view.do?plcyBizId=V202500036&tabKind=001,주거,서울특별시 청년사업담당관,이사가 잦은 청년가구의 주거비 부담을 완화하고 생활 안전망을 강화하기 위한 사업,"ㅇ 지원금액 : 최대 40만원 한도 내 실비 지원 (생애 1회)
ㅇ 지원내용 : 부동산 중개보수 및 이사비용.
* 부동산 중개보수 및 이사비 중 한 가지만 신청도 가능",,2025.8.12.(화) 10:00 ~ 2025.8.25.(월) 18:00,"총 10,000명
※ 상반기 6,000명, 하반기 4,000명",,서울로 전입 또는 서울 내에서 이사한 19~39세 청년,,,,,"ㅇ 선정방법 : 사회적 약자 및 주거취약청년 우선 선발 후 소득 낮은 순 선정
ㅇ 지급방법 : 개인별 계좌 입금","ㅇ ’22.1.1.이후 서울시로 전입 또는 서울시 내에서 이사 후 市 혹은 타 기관(중앙부처, 자치구 등)에서 부동산 중개보수 및 이사비 지원받은 사람
ㅇ 부모 소유 주택에 임차하는 경우
ㅇ 국민기초생활수급자 중 생계·의료·주거급여 수급자
ㅇ 기타 사업 취지에 부합하지 않다고 판단되는 경우",ㅇ 청년몽땅정보통(youth.seoul.go.kr) 온라인 신청,"ㅇ 서류심사 결과 : 2025년 10월 중순 (예정)
- 서류심사 결과 통보일로부터 10일 이내 이의신청 및 소명·보완자료 제출 가능
ㅇ 최종심사 결과 : 2025년 11월 말 (예정)
ㅇ 지원금 지급 : 2025년 12월 초 (예정)",* 공고문 참고,https://youth.seoul.go.kr/youthConts.do?key=2310100044&sc_pbancSeCd=015&sc_bbsStngSn=2212200001&sc_bbsCtgrySn=2310200013&sc_qnaCtgryCd=002&sc_faqCtgryCd=003,"ㅇ 선정 결과: 청년몽땅정보통 마이페이지 및 신청자 개별 문자 안내
ㅇ 기타 문의: 청년 부동산 중개보수 및 이사비 지원사업 콜센터 ☎ 1877-9358",서울특별시 청년사업담당관,https://youth.seoul.go.kr/youthConts.do?key=2310100044&sc_detailAt=&pageIndex=1&orderBy=regYmd+desc&tabKind=200&pwKind=&sc_pbancSe=&sc_pbancSeCd=015&sc_bbsStngSn=2212200001&sc_bbsCtgrySn=2310200013&sc_pstSn=0&sc_rvwSn=0&sc_userId=&sc_ntcPstYn=&sc_delYn=&sc_ctgry=&useYn=&sc_faqCtgryCd=003&sc_qnaCtgryCd=002&sc_plcyQnaSn=0&sc_myPstYn=&recordCountPerPage=10,
V202500008,2025 청년내일저축계좌 (근로능력 있는 수급자의 탈수급 지원),저소득 근로 청년들이 안정되고 구체적인 미래 계획을 수립할 수 있도록 재정적 지원을 통한 자립의욕 고취 및 빈곤층 전락을 방지를 위한 자산형성지원 정책,,서울시,https://youth.seoul.go.kr/infoData/plcyInfo/view.do?plcyBizId=V202500008&tabKind=001,복지.문화,복지정책실 복지기획관 자활지원과 자활사업팀,저소득 근로 청년들이 안정되고 구체적인 미래 계획을 수립할 수 있도록 재정적 지원을 통한 자립의욕 고취 및 빈곤층 전락을 방지를 위한 자산형성지원 정책,"연령소득기준가구소득 3가지를 모두 총족한 청년을 지원합니다.
ㅇ (가입연령)
- 신청 당시 만 19세~만 34세
※ 신청 월의 전월에 만 19세가 된 자 ~ 신청 월에 만 35세가 되는 자
- 단, 수급자차상위자기준 중위소득 50%이하자는 만 15세~만 39세까지 허용
※ 신청 월의 전월에 만 15세가 된 자 ~ 신청 월에 만 40세가 되는 자
ㅇ (근로사업소득)현재 근로활동 중이며,근로사업소득이 월 50만원 초과～월 250만원 이하
※ 단, 기초생활수급자차상위계층기준 중위소득 50%이하 자는 현재 근로활동 중이며 근로,사업소득이 월10만원 이상 발생
ㅇ (가구소득) 소득인정액 기준 중위소득 100% 이하",2025,2025.05.02(금) ~ 2025.05.21.(수) 23:59:59,"43,412명 지원(차상위 이하 24,354 차상위 초과 19,058)",,만 15~39세,졔한없음,졔한없음,졔한없음,,,,- 복지로 홈페이지(www.bokjiro.go.kr) 온라인 접수 또는 동주민센터 방문접수,,,https://www.bokjiro.go.kr,"- 자산형성지원 콜센터 ☎1522-3690
- 보건복지상담센터 ☎129",자치구,,
V202500024,2025 청년 몽땅 정보통 운영,"- 청년 몽땅 정보통 AI 맞춤형 서비스, 정책쇼핑, 선제적 청년정책 전달",,서울시,https://youth.seoul.go.kr/infoData/plcyInfo/view.do?plcyBizId=V202500024&tabKind=001,참여.권리,청년정책담당관,"- 청년 몽땅 정보통 AI 맞춤형 서비스, 정책쇼핑, 선제적 청년정책 전달","- 중앙정부와 지자체별 칸막이로 관리되는 청년정책 정보 통합 추진
- 중앙정부, 서울시 등 모든 청년정책 연계, 통합검색 기반 구축
- 개인별 맞춤정보 검색 및 적기에 선제적 제공을 통해 청년참여 확대",2025-01-01 ~ 2025-12-31,-,-,,제한없음,제한없음,제한없음,제한없음,제한없음,,,,,,,,서울시,,
V202500007,기후동행카드(청년할인 서비스),청년의 사회진출 지원 및 생활안정을 목적으로 청년할인 대상(만 19~39세)에게 기후동행카드 정기권의 할인 제공,,서울시,https://youth.seoul.go.kr/infoData/plcyInfo/view.do?plcyBizId=V202500007&tabKind=001,복지.문화,서울시,청년의 사회진출 지원 및 생활안정을 목적으로 청년할인 대상(만 19~39세)에게 기후동행카드 정기권의 할인 제공,청년의 사회진출 지원 및 생활안정을 목적으로 청년할인 대상(만 19~39세)에게 기후동행카드 정기권의 할인 제공,2025,2025,25만명,,만 19~39세,,,,,,,,,,,,"서울특별시, ㈜티머니",,
V202500023,2025 서울광역청년센터 운영,"ㅇ 서울청년센터 안정적 운영지원, 청년수당 등 주요 시책사업 추진 및 청년 사회안전망 구축 등 서울시 청년정책 집행·전달의 종합 컨트롤타워 기능 수행",,서울시,https://youth.seoul.go.kr/infoData/plcyInfo/view.do?plcyBizId=V202500023&tabKind=001,참여.권리,청년사업담당관,"ㅇ 서울청년센터 안정적 운영지원, 청년수당 등 주요 시책사업 추진 및 청년 사회안전망 구축 등 서울시 청년정책 집행·전달의 종합 컨트롤타워 기능 수행","ㅇ 지역청년센터의 컨트롤타워로서 광역센터 기능 수행
ㅇ 고립, 은둔, 취약계층 청년의 사회진입 지원과 이를 위한 지역자원 발굴 및 연계
ㅇ 청년 마음건강 지원사업 등 청년 활력 프로그램 고도화
ㅇ 시책사업 연계 등 청년정책 전달체계로서 기능 강화",,-,-,,19세 ~ 39세,,,,,,,,,,,,,https://www.smyc.kr/,
V202500006,2025 대학생 마약류 오남용 예방교육 등 운영,"청년층(대학생)의 마약류 오남용이 급증함에 따라 대학생 중심의 
예방교육 등을 통하여 경각심을 고취하고 오남용을 감소시키고자 함",,서울시,https://youth.seoul.go.kr/infoData/plcyInfo/view.do?plcyBizId=V202500006&tabKind=001,복지.문화,서울시,"청년층(대학생)의 마약류 오남용이 급증함에 따라 대학생 중심의
예방교육 등을 통하여 경각심을 고취하고 오남용을 감소시키고자 함","ㅇ 마약류 중독 회복자 및 전문가 활용, 마약류 예방 특강 등 지원
- 대학 요청 시 대학 상황에 따른 맞춤형 특강 제공 지원
- 마약류 중독 회복자의 경험담을 통하여 누구나 마약류의 위험에 노출될 수 있음을 안내하고 어떻게 극복했는지 사례 공유
ㅇ 마약류 예방교육 영상 제작 및 교육 실시
- 마약류 중독의 위험성 및 폐해를 알리는 영상 제작
- 대학교에 배포하여 각종 행사 등에서 교육
ㅇ 대학생 또래 리더(드러그 키퍼) 양성 및 활동
- 대학별 또래 리더 선발 및 교육 실시
- 또래 리더 주관 1:1 대학생(또래)교육
- 또래 리더 주관 온·오프라인 마약류 오남용 예방 홍보- 180 -
- 또래 대학생 중 위험군 발굴 및 상담센터 등 연계",2025,2025,5000명,,만 19~39세,서울 소재 대학에 재학 중인 대학생,제한없음,,,,,,,,,"ㅇ 추진 체계 : 서울시-대학 업무협약 체결을 통한 사업추진
- 서울시 : 예방 교육 영상물 제공, 또래 리더 양성 및 활동 추진
홍보물 제작·배부, 마약류 중독 예방 특강 지원,
상담센터 직원 대상 가이드라인 및 역량강화교육 실시- 179 -
- 대 학 : 마약류 예방 교육 및 캠페인 실시, 또래 리더 양성
대학 내 상담센터 마약류 중독 대응기능 강화",서울시,,
V202500022,2025 지역별 서울청년센터 설치 운영,ㅇ 생활권 기반의 정책전달체계를 확충하여 청년들의 사회적 자원에 대한 접근성 향상 및 종합적 정책지원,,서울시,https://youth.seoul.go.kr/infoData/plcyInfo/view.do?plcyBizId=V202500022&tabKind=001,참여.권리,청년사업담당관,ㅇ 생활권 기반의 정책전달체계를 확충하여 청년들의 사회적 자원에 대한 접근성 향상 및 종합적 정책지원,"ㅇ 사회안전망 확충 : 정책상담·지역자원 연계를 통한 청년 통합지원체계 확대
ㅇ 공공성 강화 : 공적시설에 부합하는 조직 및 인사 시스템 지속 개선
- 성과평가 실시, 서울청년센터 지침 개정 등
ㅇ 협력체계 강화 : 시비지원 확대, 시·구 간담회 추진
- 시비지원 확대(’24년 : 277백만원 → ’25년 : 286백만원), 정책간담회 추진 등 자치구 협력체계 유인 강화※「청년기본법」개정(’23.3.),「서울시 청년기본조례」개정(’23.7.)으로 운영비 지원 근거 마련
ㅇ 서울청년센터 신규 조성 : 서울청년센터 성북 개소(’25.4월 예정) 및 서울청년센터 미설치",,-,,,19 ~ 39세,제한없음,제한없음,제한없음,제한없음,,,,,,,,서울시,,
V202500005,2025 청년 1인가구 소셜다이닝 건강한 밥상,청년 1인가구 맞춤형 요리교실 및 소통프로그램을 통해 건강한 식생활 회복 및 사회적 관계망 형성 지원,,서울시,https://youth.seoul.go.kr/infoData/plcyInfo/view.do?plcyBizId=V202500005&tabKind=001,복지.문화,서울시,청년 1인가구 맞춤형 요리교실 및 소통프로그램을 통해 건강한 식생활 회복 및 사회적 관계망 형성 지원,"ㅇ 운영 규모 확대 ※ (’24) 5개 자치구, 500명 → (’25) 6개 자치구, 800명
ㅇ 자립준비청년 등 취약계층 대상 홍보 강화 및 우선 선정 기회 제공
ㅇ 청년 1인가구 맞춤형 요리 교실 및 소통 프로그램 운영
ㅇ 서울시 지정 주제에 따른 자치구별 온·오프라인 식생활 챌린지 실시",2025,2025,800명,,만 19~39세,,,,,,,,,,,,서울시,,
V202500021,2025 서울시 청년해외봉사단 사업(3기),"“셋으로 이어진 하나의 꿈, 서울청년 세계로”
서울시 청년해외봉사단은 청년들에게 국제사회에서의 경험과 현지 봉사활동의 기회를 제공합니다. 
라오스(비엔티안)와 우즈베키스탄(타슈켄트)에서 환경, 위생, 유아 등 다양한 분야에서의 봉사활동을 통해 
현지 지역사회의 요구에 부응하고 자신의 긍정적인 변화를 만들어내는 소중한 경험을 하게 됩니다. 
관심있는 여러분의 실천적인 참여를 기다립니다.",,서울시,https://youth.seoul.go.kr/infoData/plcyInfo/view.do?plcyBizId=V202500021&tabKind=001,참여.권리,청년정책담당관,"“셋으로 이어진 하나의 꿈, 서울청년 세계로”
서울시 청년해외봉사단은 청년들에게 국제사회에서의 경험과 현지 봉사활동의 기회를 제공합니다.
라오스(비엔티안)와 우즈베키스탄(타슈켄트)에서 환경, 위생, 유아 등 다양한 분야에서의 봉사활동을 통해
현지 지역사회의 요구에 부응하고 자신의 긍정적인 변화를 만들어내는 소중한 경험을 하게 됩니다.
관심있는 여러분의 실천적인 참여를 기다립니다.","ㅇ 지원내용
- 국내교육 및 발대식 + 해외봉사(1개월) + 커뮤니티, 진로연계 등 후속지원프로그램(선택)
- 왕복항공권, 생활비, 숙소, 예방접종, 해외여행자보험 및 긴급이후송서비스(SOS) 등
- 프로그램 종료 시, 100시간(봉사활동) 인증 예정
* 자기부담금없음",,2025. 5. 1.(목) ~ 5. 20.(화),130명,,만 19세~39세 서울 거주 청년,제한없음,제한없음,제한없음,제한없음,"① 봉사 정신이 투철한 대한민국 국적의 만 19세 ~ 39세 이하의 서울 거주 청년
② 해외봉사활동을 수행하는 데 적합한 심신이 건강한 자
③ 국가공무원법 제33조(결격사유)에 해당하지 아니한 자
④ 해외여행 결격 사유가 없는 자[붙임 5]
⑤ 협력국이 요청하는 자격 기준에 해당하는 자
⑥ 법령에 의한 여권 발급 거부 또는 제한 대상이 아닌 자(여권법 제12조)
- 개인 일반여권으로 파견 예정이며, 국내교육 대상자에 한해 상세 안내 예정
⑦ 남자의 경우, 군 복무를 필했거나 면제된 자
단, 군 미필자의 경우 병무청장이 허가하는 국외여행허가서 발급 가능자(붙임3 서약서 제출)",,ㅇ 서울시 청년몽땅정보통(https://youth.seoul.go.kr)에서 온라인 신청,"ㅇ1차 전형
- 1차 서류심사
- 서류전형 합격발표
ㅇ2차 전형
- 적합도검사
- 2차 면접심사
- 면접전형발표
ㅇ3차 전형
- 신체검사
- 신체검사 재검사
- 최종합격자발표",,https://youth.seoul.go.kr/frnVoluntr/step1.do?key=2311050002,ㅇ 서울시 청년해외봉사단 사업 운영사무국 ☎ 031)757-5121,서울특별시 미래청년기획관,https://news.seoul.go.kr/gov/archives/567007?listPage=1,https://youth.seoul.go.kr/youthConts.do?key=2311120001&sc_pbancSeCd=020&sc_bbsStngSn=2212200001&sc_bbsCtgrySn=2310200014&sc_qnaCtgryCd=001&sc_faqCtgryCd=001
V202500020,2025 서울시 위원회 청년위촉 지정 및 관리,서울시 위원회 청년위원 위촉 확대 추진(청년위원 10% 이상 위촉)을 통해 청년의 시정 참여 강화,,서울시,https://youth.seoul.go.kr/infoData/plcyInfo/view.do?plcyBizId=V202500020&tabKind=001,참여.권리,청년정책담당관,서울시 위원회 청년위원 위촉 확대 추진(청년위원 10% 이상 위촉)을 통해 청년의 시정 참여 강화,"- 위촉 곤란 위원회*를 제외한 모든 위원회에 청년을 10% 이상 위촉하도록 관리․감독을 통해 청년 위촉 확대
· 市 위원회 청년위원 위촉 확대를 위한 제도 개선 등 기반 조성
· 청년 의무위촉 지정 및 관리 방침 수립
· 청년 의무위촉 제외위원회 지정 및 관리
· 부서별 청년위원 위촉 현황 점검 및 주기적 모니터링",,-,-,,19 ~ 39세,,,제한없음,,,,,,,,,서울시,,
V202500019,2025 서울청년정책네트워크 위원 모집,"ㅇ 청년들의 정책 참여 기회 보장을 위한 서울청년정책네트워크를 운영합니다.
- 분과 토론 과정을 통한 정책제안, 예산(청년자율예산) 심의 활동
- 서울시 정책모니터링, 정책홍보 활동
- 제도 개선을 위한 의제토론 및 사회기여활동",,서울시,https://youth.seoul.go.kr/infoData/plcyInfo/view.do?plcyBizId=V202500019&tabKind=001,참여.권리,서울특별시 미래청년기획단,"ㅇ 청년들의 정책 참여 기회 보장을 위한 서울청년정책네트워크를 운영합니다.
- 분과 토론 과정을 통한 정책제안, 예산(청년자율예산) 심의 활동
- 서울시 정책모니터링, 정책홍보 활동
- 제도 개선을 위한 의제토론 및 사회기여활동","- 활동 우수자 서울시정 관련 각종 위원회 및 자문단 위촉 추천
- 활동 우수자 시장표창 수여
- 자원봉사 시간(분과회의) 인정
- 활동증명서 및 서울청년정책네트워크 위원 ID 카드 발급",2025.2.8.(토) ~ 2026.1.31.(토),2024.12.16.(월) 09:00 ~2025.1.20.(월) 18:00,ㅇ 위촉규모: 500명 이내,,서울시에서 거주 또는 활동하는 만 19~39세 청년,제한없음,제한없음,제한없음,제한없음,"※ 우선선발(10%): 아래 요건 중 1개 이상 해당자
• 국민기초생활수급권자 : 본인 또는 자녀
• 차상위계층 : 본인 또는 자녀
• 한부모가족
• 다문화가정
• 장애인복지법에 따른 등록장애인 : 본인
• 가족돌봄청년
• 자립 준비 청년(보호 종료 아동)
•청년부상제대군인
•고립청년
• 북한이탈주민
※ 각 부문별 우선순위 없음","- 신청 접수 후 사전교육(온라인) 이수 완료해야 서류 심사 대상에 포함
※ 사전교육(서울시평생학습포털) 일정: ’24.12.16. ~’25.1.12. (https://bit.ly/3ODZ96I)",ㅇ 신청방법: 서울시 청년몽땅정보통 홈페이지(youth.seoul.go.kr)를 통한 온라인 신청,"ㅇ선발방법: 신청자 적격 여부 확인 및 제출 서류 심사
< 부적격자 확인 기준 >
① 만 19세 미만 또는 만 39세 초과인 자
② 제출서류(2종): 미제출자
- 공통서류 1부(활동계획서), 선택서류 1부(정책제안서, 정책모니터링계획서, 정책홍보 중 택1)
③ 사전교육(온라인) 미이수자","- 제출 서류(공통1부, 선택1부)의 내용 적합성, 충실성 등 신청자 참여의지 확인
- 위원별 심사점수의 산술 평균을 합산한 점수의 고득점자 순으로 선발",https://youth.seoul.go.kr,,서울특별시 미래청년기획단,https://youth.seoul.go.kr/infoData/sprtInfo/view.do?key=2309130006&sprtInfoId=57644,
V202500016,2025 서울형 강소기업 육성 지원,"서울시에서 직원의 정규직 비중, 임금수준, 근무환경, 기업 성장 가능성 등 일자리 질을 꼼꼼히 따져 청년이 일하기 좋은 서울형 강소기업을 선정하였습니다.",,서울시,https://youth.seoul.go.kr/infoData/plcyInfo/view.do?plcyBizId=V202500016&tabKind=001,일자리,일자리정책과,"서울시에서 직원의 정규직 비중, 임금수준, 근무환경, 기업 성장 가능성 등 일자리 질을 꼼꼼히 따져 청년이 일하기 좋은 서울형 강소기업을 선정하였습니다.","- 청년 정규직 채용시 근무환경개선금 지원(1인 최대 15백만원, 기업당 3명)
- 일·생활균형 컨설팅 제공, 대출금리 우대(신한은행 연계), 방송광고비 할인(KOBACO 연계) 등",2025-01-01 ~ 2025-12-31,2025.6.2.(월) ~ 6. 30.(월),목표: 50개 강소기업,,제한없음,제한없음,제한없음,제한없음,중소중견기업,,서울시 소재 중소기업 중 공공기관 인증을 받은 기업,서울시 일자리포털 온라인 신청,지원사업 운영 공고문 참조,지원사업 운영 공고문 참조,https://job.seoul.go.kr/hmpg/bcop/bcop/contPageDetail.do?conts_no=75463B811CF940549DDAB8D32D914BD9,,주관기관과 동일,https://job.seoul.go.kr/hmpg/bcop/hcmg/hcmgListPage.do,
20250317005400210643,서울 러닝크루(7979 서울 러닝크루),ㅇ 목요일 저녁 7시부터 9시까지 도심 속 야간 코스를 함께 뛰며 친구(79)가 될 수 있는 ‘7979 서울 러닝크루’를 통해 서울시 청년들의 건강한 생활체육 경험기회 확대,,서울시,https://youth.seoul.go.kr/infoData/plcyInfo/view.do?plcyBizId=20250317005400210643&tabKind=001,복지.문화,체육진흥과,ㅇ 목요일 저녁 7시부터 9시까지 도심 속 야간 코스를 함께 뛰며 친구(79)가 될 수 있는 ‘7979 서울 러닝크루’를 통해 서울시 청년들의 건강한 생활체육 경험기회 확대,"- 러닝주법 강습 및 러닝 전․후 스트레칭
- 안전한 도심 러닝을 위한 런티켓 및 안전 교육 등",20250401 ~ 20251031,20250401 ~ 20251031,5400,,만 0세 ~ 만 0세,제한없음,제한없음,제한없음,제한없음,,,"ㅇ 사전신청 : 공식 인스타그램 개설(7979_src) 및 동마클럽 활용 접수
- 참여 2일 전까지 온라인 사전신청 및 당일 현장접수
- 사전 신청자 외 현장 참여 시민 포함
- 사전 신청자(선착순) / 일부 현장 시민 접수를 통해 참여 기회 확대",,,dongma.club/product/list.html?cate_no=44,"슬로건 : 달리자! 매주 목요일! 우린 목요일에 뜨겁게 달린다.
일주일 중 4일을 쉼 없이 달려온 나, 목요일 퇴근길은 나만의 런웨이로
서울시민 누구나 오후 7시부터 9시까지 트렌디하게 서울을 달립니다.",,https://www.instagram.com/7979_src/,
20250317005400210642,청년예술지원사업,"ㅇ 경력이 부족한 청년예술인의 지원 확대를 통해 안전한 예술창작 활동 기반 마련
 ㅇ 청년계층 지원 신설을 통해 경력단계별 예술 창작활동 활성화 도모",,서울시,https://youth.seoul.go.kr/infoData/plcyInfo/view.do?plcyBizId=20250317005400210642&tabKind=001,복지.문화,서울문화재단,"ㅇ 경력이 부족한 청년예술인의 지원 확대를 통해 안전한 예술창작 활동 기반 마련
ㅇ 청년계층 지원 신설을 통해 경력단계별 예술 창작활동 활성화 도모","ㅇ 데뷔 경험이 없는 청년예술인 대상 첫 작품 발표 지원
ㅇ 창작지원금 외 작품 개발 및 상호 교류를 위한 간접지원 제공
ㅇ 지원규모 : 최대 1천만원 창작지원금(직접지원) 및 역량강화 프로그램, 멘토링, 네트워킹, 발표공간 등(간접지원)
[지원금]
최대 1,000만원 이내
지원금 사용가능 항목 : 사례비(본인 사례비의 경우 지원금 내 20% 이하), 홍보비, 제작비, 재료비, 발간비, 대관료, 임차료, 공공요금 및 제세, 용역비, 회계검증수수료
[작품개발]
멘토링 : 예술계 전문가와 1:1 멘토링 진행 2회(필수)
성과공유회 : 작품 제작부터 최종 발표 과정 공유 및 다양한 피드백 진행
(발표시기별 진행시기 상이 / 예술계 전문가, 심의위원, 멘토, 일반관객 등 참여)(필수)
[교육ㆍ네트워킹]
교육 : 역량강화 특강, 워크숍 등 동시대 창작이슈 및 현장실무 관련 교육프로그램 운영
네트워킹 : 청년예술청 운영 사업과 연계한 선정자 및 청년예술인 네트워킹 프로그램
[통합홍보]
2025년 서울문화재단 청년예술지원사업 선정작품 온라인홍보(홈페이지,SNS), 사진촬영, 리뷰 등
[발표 공간(희망 시)]
장소 : 청년예술청 그레이룸(공연형) 또는 화이트룸(전시형) 발표공간 지원 가능
기간 : 25년 6월 ~7월, 9월 ~11월
※ 희망 신청자에 한하여 공간지원 여부 동시 발표 예정
지원내용은 매년 변경되오니 자세한 내용은 공지사항을 확인하시기 바랍니다.",,20250101 ~ 20250331,50,,만 19세 ~ 만 39세,제한없음,제한없음,제한없음,기타,"서울에서 청년예술지원사업을 통해 ‘데뷔 첫 작품 발표’를 진행하고자하는 39세 이하 청년예술인(단체)
- ‘데뷔 및 첫 작품 발표’ 기준 : 예술인으로서 대중에게 공개적으로 발표한 활동을 의미함(연출, 기획, 안무 / 개인전 개최 등)
- 작품발표 : 서울에서 오프라인(실내/실외 모두 가능)으로 진행되어야 하며, 공개적으로 이루어져야 함",,,,,https://www.scas.kr/biz/list,"□ 사업내용
ㅇ 사업근거
- 대통령 공약사항 ‘청년 문화예술인 창작지원금 등 지원사업 확대’
- 서울시장 공약사항 ‘약자와의 동행’
- 서울특별시 청년 예술인 육성 및 지원 조례
- 서울문화재단 ‘3대 전략, 10대 혁신안’ 中 “그물망 예술지원체계 수립”
ㅇ 추진 경과
- 서울문화재단 예술지원사업 통합 브랜딩(“경력단계별 예술인 및 단체의 창작발표 지원”) 목표에 따라 2023년 신진 트랙 신설을 통한 서울형 예술지원체계 발전을 도모
- 청년예술인의 창작활동을 위한 세분화된 지원설계(직/간접지원)를 통해 해당 경력단계(첫 작품발표 및 미 데뷔) 예술인의 필요를 반영한 지원계획 수립
- 현장 의견 수렴을 통해 지속적인 사업보완을 통한 추진 예정
ㅇ 사업비 : 700백만원",,https://www.sfac.or.kr/site/SFAC_KOR/12/11202070300002024093004.jsp,
20250317005400210641,청년예술청 운영,ㅇ 청년예술인의 예술생태계 안착 지원 및 창작·교육·교류 활성화를 위한 ‘청년예술인 종합지원 플랫폼’ 운영,,서울시,https://youth.seoul.go.kr/infoData/plcyInfo/view.do?plcyBizId=20250317005400210641&tabKind=001,복지.문화,서울문화재단,ㅇ 청년예술인의 예술생태계 안착 지원 및 창작·교육·교류 활성화를 위한 ‘청년예술인 종합지원 플랫폼’ 운영,"1) 청년예술인 창업지원 프로그램 운영
- 운영목적: 청년예술인의 新산업 콘텐츠 발굴 및 청년예술인 자생력 제고
- 주요대상: 예술창업에 관심이 있는 청년예술인 및 기획자
- 주요내용: 청년예술인 창업 기초부터 준비, 실행까지 단계별 지원
2) 청년예술인 커뮤니티 사업 운영
- 운영목적: 청년예술인들의 능동적 상호작용을 통한 협업 촉진 및 교류 기회 확대
- 주요대상: 청년예술인 누구나(제한없음)
- 추진내용: 청년예술 현장 이슈별 기획·발표형 프로젝트 운영
3) 공간 및 대관 운영
- 운영목적: 청년예술인을 위한 자유로운 창작 활동 기반 제공
- 위치: 서울시 서대문구 경기대로 26-26(충정로 역세권 청년주택 B2)
- 규모: 연면적 1,877㎡, 총 6개소(연습실,회의실,미디어실,다목적홀,전시실,공유오피스)
- 주요대상: 청년예술인(제한없음)
- 대관운영: 재단 통합시스템을 통한 월별·분기별 대관 운영",,,30,,만 19세 ~ 만 39세,제한없음,제한없음,제한없음,기타,"나이·경력·장르 등 행정 및 정책이 규정하는 기준이나 경계를 벗어나, 유연한 태도로 새로움을 추구하는 청년예술인",,,,,,"□ 사업 내용
ㅇ (사업 근거)
- 서울시문화예술과-2919(2016.10.19.)호 “서울예술인플랜” 中 지속가능한 예술환경 ‘예술청 조성’ 추진
- 서울문화재단 대표이사방침 제353(2019.09.25.)호 “서울형 예술교육: 미래일자리 문화실험실 아카데미 기본계획(안) 충정로 청년예술청 조성사업)”
ㅇ (추진 경과)
- 2016.12월 충정로 청년주택 공공기여시설 청년예술청 조성 협의
- 2017.01월~11월 청년예술청 조성 관련 전문가 자문회의 (2회)
- 2017.03월/06월 충정로3가 기업형임대주택 사업계획 승인/착공신고
- 2020.01월 청년예술청 기부채납 (등기 기준)
- 2020.03월 공유재산심의회 심의 (공유재산 사용허가 ‘적정’ 통보)
- 2020.08.21. 개관 (코로나19로 개관프로젝트는 10월로 연기하여 진행)
- 2020.10.14.~17. 개관 프로젝트 진행
- 2020.12.05.~2021.1.25 코로나19에 따른 1차 운영중단
- 2021.10.01.~2021.10.14. 코로나19에 따른 2차 운영중단
- 2021.10.15.~현재 공간 운영
ㅇ (사업 기간) 2025년 1~12월
ㅇ (사업 대상)  나이·경력·장르 등 행정 및 정책이 규정하는 기준이나 경계를 벗어나, 유연한 태도로 새로움을 추구하는 청년예술인
- (연령 기준) 39세 이하 청년예술인 중심
ㅇ (사업비)  900백만원",,https://www.sapy.kr/MAIN,
20250316005400210639,청년인생설계학교 운영,"ㅇ 인생전환기 청년들에게 주체적인 인생설계 기회 제공
ㅇ 자기이해 및 진로탐색 프로그램을 제공하여 자존감 회복 및 자립역량 강화",,서울시,https://youth.seoul.go.kr/infoData/plcyInfo/view.do?plcyBizId=20250316005400210639&tabKind=001,교육,청년정책담당관,"ㅇ 인생전환기 청년들에게 주체적인 인생설계 기회 제공
ㅇ 자기이해 및 진로탐색 프로그램을 제공하여 자존감 회복 및 자립역량 강화","ㅇ (사업 근거)
-「청년기본법」제19조(청년 능력개발 지원)
-「서울특별시 청년 기본 조례」제11조(청년의 능력 등의 개발)
ㅇ (추진 경과)
- 2017년 서울청년의회’ 개최 및 갭이어 정책 제안(’17. 7. 23.)
- 2018년 청년인생설계학교 시범 사업 운영(’18. 8. ~ 11.)
- 2019년 청년인생설계학교 여름·가을학기 운영(’19. 7. ~ 11.)
- 2020년 청년인생설계학교 여름·가을학기 운영(’20. 7. ~ 11.)
- 2021년 청년인생설계학교 여름·가을학기 운영(’21. 6. ~ 11.)
- 2022년 청년인생설계학교 운영(’22. 8. ~ 12.)
∙ 사업 추진방식 전면 개편(프로그램 전문성 향상, 시공간적 접근성 강화 등)
∙ 서울시에서 생활하는 만19~39세 청년 3,763명 중 1,000명 선정
- 2023년 청년인생설계학교 운영(’23. 5. ~ 12.)
∙ 서울시에서 생활하는 만19~39세 청년 4,130명 중 1,057명 선정
∙ ’2023 청년자율예산’을 통한 대학 비진학청년 특화 코스 도입
- 2024년 청년인생설계학교 운영(’24. 5. ~ 12.)
∙ 서울시 거주 만 19~39세 청년 2,579명 중 1,026명 선정
∙ 참여 만족도 4.6점/5점, 사전-사후 지표 평균 17% 상승 (3.50→4.10점)
ㅇ (사업 기간) ’18년~
ㅇ (사업 대상) 서울시 거주 청년
- (연령 기준) 19~39세
- (소득 기준) 무관
- (기타 조건) 국민기초생활수급권자, 차상위계층, 기준중위소득 100% 이하 가구 등 취약 청년 우선선정(반 별 정원 50%이내)
ㅇ (사업 내용) 진로모색 단계 및 고민유형별 맞춤형 프로그램 운영
- 자기 진단도구 및 전문 강사가 진행하는 다회차 그룹 코칭 제공
- 참여자 대상 다각적 소통 프로그램 진행, 대상자 특화코스 운영
ㅇ (사업비) 1,170백만원",,20250401 ~ 20251130,1500,,만 19세 ~ 만 39세,제한없음,제한없음,제한없음,기타,"국민기초생활수급권자, 차상위계층, 기준중위소득 100% 이하 가구 등 취약 청년 우선선정(반 별 정원 50%이내)",,,,,,,,,
20250316005400210638,서울교환학생장학금,해외 대학에서 학문과 문화를 경험하며 다양한 생각과 가치관을 존중하는 포용력을 지닌 글로벌 인재로 성장하도록 장학금 지원,,서울시,https://youth.seoul.go.kr/infoData/plcyInfo/view.do?plcyBizId=20250316005400210638&tabKind=001,교육,재단법인서울장학재단,해외 대학에서 학문과 문화를 경험하며 다양한 생각과 가치관을 존중하는 포용력을 지닌 글로벌 인재로 성장하도록 장학금 지원,"□ 장학금
○ 아시아 : 400만원
○ 비아시아 : 550만원
□ 지원기간 : 2025년 2학기",,20250512 ~ 20250520,60,,만 0세 ~ 만 0세,대학 재학,제한없음,제한없음,기초생활수급자,"아래 ① ~ ③ 항목을 모두 충족해야 함
① 대한민국 국적자이며 서울 소재 4년제 대학·전문대학·전공대학의 정규학기 학부생으로, 전체학년 성적 평점 평균 백분위(백분율) 85점 이상인 학생
② 2025년 2학기 국내 소속 대학에서 파견하는 해외 교환학생 선정(예정) 학생
③ 기초생활수급자, 차상위계층, 2024년 2학기 또는 2025년 1학기 한국장학재단 학자금 지원구간 중 복지자격 및 1~4구간",,"□ 신청기간 : 5.12(월) 10:00 ~ 5.20(화) 16:00
□ 신청방법 : 서울장학재단 [장학사업 신청] → [서울해외교환학생장학금] → 상세페이지에서 [신청하기] 클릭","□ 1차 심사[사무국/서류심사] : 면접대상자 발표 6.9(월) 예정
□ 2차 심사[면접심사] : 대면 면접 6.14(토)
□ 3차 심사[최종심의] : 장학생 선정위원회
□ 최종 합격자 발표 : 6.30(월) 16:00 예정","①~⑥은 필수 제출, ⑦은 해당자만 제출
① 온라인 신청
② 신청자 체크리스트, 서약서(*서명 필수/HWP한글 또는 PDF 파일 업로드)
③ 자기소개서(*HWP한글 파일 업로드)
④ 재(휴)학증명서(*PDF 파일 업로드 / JPG(이미지) 파일 불가)
⑤ 성적증명서(*PDF 파일 업로드)
⑥ 경제상황증빙서류(택1)
[기초생활수급자]
- 수급자 증명서 : 생계/의료/보장시설/주거/교육급여
[법정차상위계층]
- 한부모가족 증명서
- 차상위계층 확인서
- 자활근로자 확인서
- 장애인연금, 장애수당, 장애아동수당 대상자 확인서
(비대상 : 장애인 연금의 <차상위 초과 부가급여>에 체크된 자)
- 차상위 본인부담경감대상자 증명서(비대상 : 공고일 5월 7일 전 자격 상실, 신청 종료일 5월 20일 후 자격 취득)
[한국장학재단 학자금 지원구간]
- 한국장학재단 학자금 지원구간(소득분위) 통지서
(신청학기의 발급번호, 학자금 지원구간, 기관 직인 필수)
(반드시 본인 명의의 통지서만 인정)
⑦ 가족관계 증명서(해당자만 제출)",https://scholar.hissf.or.kr,"ㅇ (사업 근거) : 서울특별시 장학재단 설립 및 운영에 관한 조례
ㅇ (추진 경과)
- ‘18년 서울교환학생장학금 신설
- ‘19년 ㈜공항리무진과 기부 협약을 통한 교환학생 장학금 지원 규모 확대
- ‘20~22년 코로나19로 사업 한시적 중단
ㅇ (사업 기간) : ‘18년 ~ 현재
ㅇ (사업비)  316백만원",,https://www.hissf.or.kr/programs/user/news/ssfnews/read.asp?gbn_no=&idx=3976&pageno=&searchType=&searchVal=,
20250316005400210637,독립유공자후손장학금,ㅇ 독립유공자 예우와 학업에 대한 경제적 부담 완화를 위해독립유공자 증손 이하 후손에 대한 장학금 지원,,서울시,https://youth.seoul.go.kr/infoData/plcyInfo/view.do?plcyBizId=20250316005400210637&tabKind=001,교육,재단법인서울장학재단,ㅇ 독립유공자 예우와 학업에 대한 경제적 부담 완화를 위해독립유공자 증손 이하 후손에 대한 장학금 지원,"ㅇ (사업 근거)
- 서울특별시 장학재단 설립 및 운영에 관한 조례
- 서울특별시장 방침 제 156호(복지정책과-17715호, 19.7.19.)
ㅇ (추진 경과)
- 2020년 독립운동 100주년 기념 독립유공자 후손 장학금 신설
- 2023년 장학생 선발인원 증원 (100명→120명, 20명 증원)
ㅇ (사업 기간) : ’20년 ~ 현재
ㅇ (사업 대상)  대학생
- (연령 기준)  무관
- (소득 기준)  무관
- (기타 조건) 독립유공자(순국선열, 애국지사)의 증손자녀 이하(4대~6대) 후손
ㅇ (사업 내용)
- 연간 300만 원 장학금 지원
- 지역사회 선순환 프로그램 활동 추진: 현충원 단체 봉사활동
ㅇ (사업비)   366백만원 (지방비 98.4%, 기타 1.6%)",,20250401 ~ 20250630,120,,만 0세 ~ 만 0세,대학 재학,제한없음,제한없음,기타,"독립유공자(순국선열, 애국지사)의 증손자녀 이하(4대~6대) 후손",,,,,,,,,
20250316005400210636,서울희망 공익인재 장학금,"대학생에게 공동으로 창의적인 사회적 대안을 탐구하는 기회를 제공하여, 사회에 긍정적인 변화를 만들어 가는 실천적 인재로 성장하도록 지원",,서울시,https://youth.seoul.go.kr/infoData/plcyInfo/view.do?plcyBizId=20250316005400210636&tabKind=001,교육,재단법인서울장학재단,"대학생에게 공동으로 창의적인 사회적 대안을 탐구하는 기회를 제공하여, 사회에 긍정적인 변화를 만들어 가는 실천적 인재로 성장하도록 지원","활동내용 : 공익 감수성 제고를 위한 사회문제해결 공익 프로젝트 추진
활동기간 : 2025년 4월~12월
지원기간 : 2025년 1학기~2025년 2학기
장학금 : 4,000,000원(200만원*2회)",,20250317 ~ 20250325,50,,만 0세 ~ 만 0세,대학 재학,제한없음,제한없음,제한없음,"※ 아래 가~다 항목을 모두 충족해야 함
가. 대한민국 국적자로 서울소재 4년제 대학·전문대학·전공대학의 정규학기 학부생(휴학생 포함)
나. 최근 3년 이내(22.1.1.~25.3.9.) 사회공익분야에 지속해서 참여한 경험이 있는 학생
다. 아래 제시한 공익적 이슈를 주제로 1년간 장학생과 프로젝트를 직접 기획, 실행하며 사회문제를 공동으로 해결하고 사회적 가치를 확산하려는 열정과 도전정신을 지닌 학생
- 기후위기에 대응해, 지속가능한 환경을 만들자
- 차별 문화를 돌아보고, 다양성을 존중하는 사회를 만들자
- 지구와 공생하는 식생활 문화를 만들자
- 각자도생하는 사회에서 연대를 통해 청년이 겪는 사회 문제를 풀어가자",,"신청서 접수[온라인] : 3.17(월) 10:00 ~ 3.25(화) 16:00
신청문의
- 온라인 문의 : 서울장학재단 신청 시스템 → SSF 소통공간→ Q&A
- 유선 문의 : 02-725-2257, 070-8667-3511
※ 문의시간 : 평일 근무시간(09:00~18:00)에만 통화 가능 / 점심시간(12:00~13:00), 주말 및 공휴일 제외","1차 심사 [적격 / 서류심사] : 면접대상자 발표 4.7(월)
2차 심사 [면접심사] : 대면 면접 4.12(토)
3차 심사 [최종심의] : 장학생 선정위원회
최종합격자 발표 : 4.21(월) 16:00 예정","모든 서류는 공고일 25.3.10.(월) 이후 신규 발급받아야 하며 자세한 사항은 첨부파일의 '공고문' 참조
단, 공익활동실적 증빙서류는 최근 3년 이내(22.1.1.~25.3.9.) 발급서류도 인정",https://scholar.hissf.or.kr/hmpg/user/logi/login.do,"□ 사업내용
ㅇ (사업 근거) 서울특별시 장학재단 설립 및 운영에 관한 조례
ㅇ (추진 경과)
- 2013년 대학생 우수분야 장학금으로 신설
- 2018년 장학금 성격을 학업장려금으로 전환
ㅇ (사업 기간) ’13년 ~ 현재
ㅇ (사업비) 275백만원",,https://www.hissf.or.kr/Programs/user/news/ssfnews/read.asp?gbn_no=&idx=3934&pageno=1&searchType=&searchVal=,
20250316005400210635,서울희망대학진로장학금,"ㅇ 저소득 대학생의 생계형 활동 참여시간을 줄이고, 학업과 진로 탐색 개발에 집중할 수 있도록 여건 조성
 ㅇ 자기 주도적이고 창의적으로 진로 역량을 개발하여 학업 성취 및 자기 계발 등 미래를 위한 도약을 준비하는 기회 제공",,서울시,https://youth.seoul.go.kr/infoData/plcyInfo/view.do?plcyBizId=20250316005400210635&tabKind=001,교육,재단법인서울장학재단,"ㅇ 저소득 대학생의 생계형 활동 참여시간을 줄이고, 학업과 진로 탐색 개발에 집중할 수 있도록 여건 조성
ㅇ 자기 주도적이고 창의적으로 진로 역량을 개발하여 학업 성취 및 자기 계발 등 미래를 위한 도약을 준비하는 기회 제공","ㅇ (사업 근거) 서울특별시 장학재단 설립 및 운영에 관한 조례
ㅇ (추진 경과)
- 2018년 서울희망 대학 진로 장학금 신설 (서울희망대학장학생 대상)
- 2020년 장학생 일반 공모방식 전환을 통한 장학사업 확대
ㅇ (사업 기간) ’18년 ~ 현재
ㅇ (사업 대상) 대학생
- (연령 기준) 무관
- (소득 기준) 기초생활수급자, 차상위계층, 한국장학재단 학자금 지원 4구간 이하
- (기타 조건) 서울 소재 대학 재학생 또는 서울시민인 비서울 소재 대학교 재학생
ㅇ (사업 내용)
- 저소득 가정의 대학생 장학금 지원(학업장려금성 장학금)
ㅇ (사업비) 3,723백만원",,20250301 ~ 20250731,1050,,만 0세 ~ 만 0세,대학 재학,제한없음,제한없음,기초생활수급자,서울 소재 대학 재학생 또는 서울시민인 비서울 소재 대학교 재학생,,,,,,,,,
20250316005400210634,"서울희망직업전문학교장학금 (前, 등록금 지원 장학사업)",ㅇ 경제적 어려움으로 학업에 어려움을 겪지 않도록 저소득 가정 직업전문학교생의 등록금 부담을 완화하는 것을 목표로 장학금 지원,,서울시,https://youth.seoul.go.kr/infoData/plcyInfo/view.do?plcyBizId=20250316005400210634&tabKind=001,교육,재단법인서울장학재단,ㅇ 경제적 어려움으로 학업에 어려움을 겪지 않도록 저소득 가정 직업전문학교생의 등록금 부담을 완화하는 것을 목표로 장학금 지원,"ㅇ (사업 근거) 서울특별시 장학재단 설립 및 운영에 관한 조례
ㅇ (추진 경과)
- 2012년 서울희망대학장학금 신설 (연간 36~40억 규모)
- 2020년 직업전문학교 장학금 지원을 위한 조례 개정
- 2021년 서울희망직업전문학교장학금 신설
- 2024년 서울희망대학장학금 사업 종료
ㅇ (사업 기간) ‘21년 ~ 현재
ㅇ (사업 대상) 직업전문학교 학생
- (연령 기준) 무관
- (소득 기준) 기초생활수급자 및 차상위계층
- (기타 조건) 서울 소재 직업전문학교 재학(학점은행제)
ㅇ (사업 내용)
- 저소득 가정의 직업전문학교 학생 장학금 지원(등록금)
ㅇ (사업비) 301백만원",,20250301 ~ 20250930,200,,만 0세 ~ 만 0세,제한없음,제한없음,기타,기초생활수급자,,,,,,,,,,
20250316005400210633,청년안심주택 공급활성화(임차보증금 무이자지원),ㅇ 높은 주거비 부담 등에 시달리는 청년․신혼부부의 안정적인 주거환경 확보를 위해 청년안심주택 입주자에 대하여 주거비를 지원,,서울시,https://youth.seoul.go.kr/infoData/plcyInfo/view.do?plcyBizId=20250316005400210633&tabKind=001,주거,건축기획관,ㅇ 높은 주거비 부담 등에 시달리는 청년․신혼부부의 안정적인 주거환경 확보를 위해 청년안심주택 입주자에 대하여 주거비를 지원,"ㅇ (사업 근거)
- 「서울시 보증금지원형 장기안심주택 업무처리 지침」
ㅇ (추진 경과)
- ‘16.03.25.  역세권 청년주택 공급계획 수립
- ‘19.11.26.  청년·신혼부부 주거비 지원계획 수립
- `19.12.09   역세권 청년주택 혁신방안
ㅇ (사업 기간)
- 2021년 1월 ~
ㅇ (사업 대상)
- 지원대상 : 청년안심주택, 민간임대주택 입주(예정)자
- 연령기준 : 19~39세
- 소득 : 전년도 도시근로자 가구당 월평균소득의 100%(신혼부부 120%) 이하
- 자산 : 청년 2억 7,300만원 이하 / 신혼부부 3억 4,500만원 이하
ㅇ (사업 내용)
- 임차보증금 무이자 지원
· 1억원 초과시 보증금의 30%, 1억 이하는 보증금의 50%
· 최대 지원금액 청년 4,500만원 / 신혼부부 6,000만원
ㅇ (사업 주체)
- 서울시, SH공사
ㅇ (사업 추진절차)
- 신청인이 임대차 계약 체결 후 약정서 작성 및 구비서류 제출
- 소득심사 등을 거쳐 확정시 지원금액 지급하고 보증보험 가입",,,5192,,만 19세 ~ 만 39세,제한없음,제한없음,제한없음,제한없음,,,,,,,,,,
20250316005400210632,청년안심주택 공급(매입),ㅇ 역세권(간선도로변)의 민간소유 토지를 체계적으로 개발(민간 주도+공공 지원)하여 쾌적하고 저렴한 주택을 공급함으로써 청년층의 주거안정을 도모하고 지역경제를 활성화하고자 함.,,서울시,https://youth.seoul.go.kr/infoData/plcyInfo/view.do?plcyBizId=20250316005400210632&tabKind=001,주거,건축기획관,ㅇ 역세권(간선도로변)의 민간소유 토지를 체계적으로 개발(민간 주도+공공 지원)하여 쾌적하고 저렴한 주택을 공급함으로써 청년층의 주거안정을 도모하고 지역경제를 활성화하고자 함.,"ㅇ (사업 근거)
- 「민간임대주택에 관한 특별법」
- 「서울특별시 청년안심주택 공급 지원에 관한 조례」
ㅇ (추진 경과)
- ’16.03.25.  역세권 청년주택 공급계획 수립
- ‘16.07.14. 「역세권 청년주택 공급 지원에 관한 조례」제정·시행
- ‘16.08.22. 「역세권 청년주택 건립 및 운영기준」수립·시행
- ‘19.11.26.  청년·신혼부부 주거비 지원계획 수립
- `21.09.29. 「역세권 청년주택 건립 및 운영기준」개정(10차)
- ’23.03.06.  역세권청년주택 혁신을 통한 ‘청년안심주택 추진방안’ 수립
- ’23.05.22. 「청년안심주택 공급 지원에 관한 조례」개정
- ’23.07, ’24.08. 「청년안심주택 건립 및 운영기준」개정(11차, 12차)
- ’24.12.27. 「서울특별시 모두의 안심주택 건립 및 운영기준」제정
ㅇ (사업 기간)
- 2016년 7월 ~ 2025년 12월
ㅇ (사업 대상)
- 지원대상 : 청년 및 신혼부부
- 연령기준 : 19~39세
- 소득기준 : 도시근로자 월평균소득 100% ~120% 이하
ㅇ (사업 내용)
- 역세권(간선도로변)에 민간이 임대주택을 건설하게 하고 일부를 청년안심주택(공공임대)으로 매입하여 청년ㆍ신혼부부에게 공급하는 사업
ㅇ (사업비)  79,662백만원 (국비 66,350 / 시비 13,312)",,,0,,만 19세 ~ 만 39세,제한없음,제한없음,제한없음,제한없음,,,,,,,,,,
20250316005400210631,청년 부동산 중개보수 및 이사비 지원사업,이사가 잦은 청년가구의 주거비 부담을 완화하고 생활 안전망을 강화하기 위한 사업,,서울시,https://youth.seoul.go.kr/infoData/plcyInfo/view.do?plcyBizId=20250316005400210631&tabKind=001,주거,서울시청 청년사업담당관,이사가 잦은 청년가구의 주거비 부담을 완화하고 생활 안전망을 강화하기 위한 사업,"□ 지원금액 : 최대 40만원 한도 내 실비 지원 (생애 1회)
□ 지원내용 : 부동산 중개보수 및 이사비용.
* 부동산 중개보수 및 이사비 중 한 가지만 신청도 가능",2026.01.~2026.12.,2026.4.1.(수) 10:00 ~ 2026.4.14.(화) 18:00,"총 8,000명
※상반기 4,000명, 하반기 4,000명",,만 19세 ~ 만 39세,제한없음,제한없음,제한없음,제한없음,"ㅇ 선정방법 : 사회적 약자 및 주거취약청년 우선 선발 후 소득 낮은 순 선정
ㅇ 지급방법 : 개인별 계좌 입금","‣ ’22.1.1.이후 서울시로 전입 또는 서울시 내에서 이사 후 市 혹은 타 기관(중앙부처, 자치구 등)에서 부동산 중개보수 및 이사비 지원받은 사람
‣ 부모 소유 주택에 임차하는 경우
‣ 국민기초생활수급자 중 생계·의료·주거급여 수급자
‣ 기타 사업 취지에 부합하지 않다고 판단되는 경우","ㅇ 청년몽땅정보통(youth.seoul.go.kr) 온라인 신청
* 방문‧우편 접수 등 불가","□ 상반기
ㅇ 서류심사 결과 : 2026년 6월 중순 (예정)
- 서류심사 결과 통보일로부터 10일 이내 이의신청 및 소명·보완자료 제출 가능
ㅇ 최종심사 결과 : 2026년 7월 말 (예정)
ㅇ 지원금 지급 : 2026년 7월 말 (예정)",* 공고문 참고,https://youth.seoul.go.kr/youthConts.do?key=2310100044&sc_detailAt=&pageIndex=1&orderBy=regYmd+desc&tabKind=200&pwKind=&sc_pbancSe=&sc_pbancSeCd=015&sc_bbsStngSn=2212200001&sc_bbsCtgrySn=2310200013&sc_pstSn=0&sc_rvwSn=0&sc_userId=&sc_ntcPstYn=&sc_delYn=&sc_ctgry=&useYn=&sc_faqCtgryCd=003&sc_qnaCtgryCd=002&sc_plcyQnaSn=0&sc_myPstYn=&recordCountPerPage=10,"ㅇ 선정방법: 사회적 약자 및 주거취약청년 우선 선발 후 소득 낮은 순 선정
ㅇ 선정 결과: 청년몽땅정보통 마이페이지 및 신청자 개별 문자 안내
ㅇ 기타 문의: 청년 부동산 중개보수 및 이사비 지원사업 콜센터 ☎ 1877-9358",주관기관과 동일,https://youth.seoul.go.kr/youthConts.do?key=2310100044&sc_pbancSeCd=015&sc_bbsStngSn=2212200001&sc_bbsCtgrySn=2310200013&sc_qnaCtgryCd=002&sc_faqCtgryCd=003,
20250316005400210630,전월세 안심계약 도움서비스 운영,ㅇ 내 집 찾기가 어려운 1인가구에게 전월세 계약상담 및 집보기 현장 동행 서비스를 제공하여 안정적 주거지 정착 및 주거복지 향상 도모,,서울시,https://youth.seoul.go.kr/infoData/plcyInfo/view.do?plcyBizId=20250316005400210630&tabKind=001,주거,돌봄고독정책관,ㅇ 내 집 찾기가 어려운 1인가구에게 전월세 계약상담 및 집보기 현장 동행 서비스를 제공하여 안정적 주거지 정착 및 주거복지 향상 도모,"ㅇ 사업 근거
- 서울시 사회적 가족도시 구현을 위한 1인가구 지원 기본조례 제11조
ㅇ 추진 경과
- 전월세 안심계약 도움서비스 추진계획 수립	: ’22. 1월
- 5개 자치구 서비스 시범 운영	 		  	: ’22. 3월
- 25개 전 자치구로 서비스 확대			: ’23. 5월
- 10개 자치구 토요일 운영				: ’24. 4월
ㅇ 사업 기간 : ‘22. 3 ~ 계속
ㅇ 사업 대상 : 서울시 거주 또는 거주예정 1인가구(독립가구 예정자 포함)
ㅇ 사업 내용 : 자치구별 주거안심매니저가 주거정책 안내, 주거지 탐색, 집보기 및 계약시 동행지원
ㅇ 사 업 비  : 380백만원",,,0,,만 0세 ~ 만 0세,제한없음,제한없음,제한없음,제한없음,,,,,,,,,,
20250316005400210629,2025년 서울시 청년월세지원 사업,서울에 거주하는 청년의 주거비 부담완화와 안정적 주거환경 마련을 위한 서울시의 청년 주거복지 지원 정책,,서울시,https://youth.seoul.go.kr/infoData/plcyInfo/view.do?plcyBizId=20250316005400210629&tabKind=001,주거,서울특별시 주택실 주택정책과 청년주거안심팀,서울에 거주하는 청년의 주거비 부담완화와 안정적 주거환경 마련을 위한 서울시의 청년 주거복지 지원 정책,"ㅇ 지원금액 : 월 20만원 이하 지원 (최대 12개월 /240만원 ) * 생애 1회
- 20만원 미만 월세 계약은 임대차계약서에 표기된 월세 금액만 지원
* 예시) 차임(월세 10만원은 월 10만원 지원/ 관리비가 포함된 경우 관리비 제외하고 월세만 지급
- 서울형 주택바우처 수급자인 경우 바우처 수령액을 제외한 차액 지급
- 서울시 청년월세 지원 대상자 최종 선정월부터 12개월간 지급",2025. 1. 1.~2025. 12. 31.,2025.6.11.(수) 10:00 ~ 2025.6.24.(화) 18:00 *선착순 신청 아님,"15,000명",,만 19세 ~ 만 39세,제한없음,제한없음,제한없음,제한없음,"ㅇ 선정방법 : 임차보증금/월세 및 소득기준, 4개 구간으로 나누어 선정하고 인원 초과시 구간별 전산 추첨
- 구간별 미달인 경우, 1구간부터 4구간 순으로 추가 선정
- 선정기준 월세액은 임대차계약서에 표기된 차임(월)액으로 함(관리비 제외)
- 차임(월세) 기준 월세 60만원 초과시 보증금 월세 환산액(5.0%) 합산","ㅇ 국토교통부 청년월세 한시 특별지원금 수급 중인 사람
ㅇ 서울시 청년월세지원금 기 선정자로 수급 이력이 있는 사람
ㅇ (신청자 본인) 주택 소유자(분양권, 입주권 등 포함)
ㅇ (신청자 본인) 일반재산 총액 1억 3천만원을 초과하는 사람
- (포함항목) 토지과세표준액, 건축물과세표준액, 임차보증금, 차량시가표준액
ㅇ (신청자 본인) 차량시가표준액 2,500만원 이상의 자동차를 소유한 사람
ㅇ 국민기초생활수급을 받고 있는 사람(생계, 의료, 주거급여 대상자)
ㅇ 서울시 청년수당을 받고 있는 사람, ’25년 자치구 자체 청년월세지원 사업(은평, 광진 등) 지원자로 선정된 사람, 자립준비청년 월세․기숙사비 지원 등 유사 사업 수혜를 받고 있는 사람
※ ‘사업 신청일’ 기준으로 타 사업 수급 등이 종료된 경우 신청 가능
ㅇ 공공주택특별법, 도시 및 주거환경정비법, 서울시 공공주택 건설 및 공급 등에 관한 조례 등에 따른 공공임대주택*에 거주하는 사람
* 영구임대, 공공임대, 국민임대, 매입임대, 행복주택, 청년안심주택(역세권청년주택),장기안심주택, 특화형 매입임대주택(사회적주택), 도시형생활주택, 희망하우징, 전세임대주택, 공무원임대주택 등
※ 민간임대주택법에 따른 공공지원민간임대주택 등 민간임대주택 거주자는 신청 가능
ㅇ 임대인(임차건물 집주인)이 신청인의 ‘부모’ 인 경우
ㅇ 공동임차인 모두 신청하는 경우
ㅇ 기타 사업 취지에 부합하지 않다고 판단되는 경우","ㅇ 서울주거포털(https://housing.seoul.go.kr) ‘청년월세지원’ 란에 온라인 신청 및 접수
※ 방문 및 우편 접수 등 불가
ㅇ 신청접수(6.11.~6.24.) → 소득재산 및 중복수혜 조사(6월~8월) → 심사결과 통보(8월) → 이의신청 접수(8월~9월) → 최종선정자 발표(9월 (예정))","ㅇ 일시 : 2025년 8월 예정
ㅇ 발표 : 서울주거포털(https://housing.seoul.go.kr) ‘마이페이지 내 청년월세지원 신청현황’에서 확인, 개별 알림","ㅇ 확정일자가 날인된 임대차계약서 전체 사본 1부(필수)
ㅇ 이체확인증 : 신청일 기준 최근 3개월(‘25.3~5월)간 월세 이체내역(임대인 계좌 확인) (필수)
ㅇ 가족관계증명서(본인 기준 상세증명서) (필수) * 공고일 이후 발급분",https://housing.seoul.go.kr/site/main/content/sh01_060513,"ㅇ 최종 선정결과 발표
- 일시 : 2025년 9월 초 예정
- 발표 : 서울주거포털(https://housing.seoul.go.kr) ‘마이페이지 내 청년월세지원 신청현황’ 에서 확인, 개별 알림
- 선정자 필수 이행사항 : 입금 전용계좌(신한 청년드림통장) 개설
※ 청년드림통장을 개설기간에 미개설하면 선정 취소됨(자세한 사항은 선정자에 추후 안내)
ㅇ 문의
- 서울주택도시공사 청년월세지원센터 1833-2030
- 다산 120",서울주택도시공사 청년월세지원센터,https://housing.seoul.go.kr/site/main/content/sh01_060513,
20250316005400210628,신혼부부 청년 임차보증금 지원사업,신혼부부 · 청년의 주거안정을 위한 주거비 부담 완화,,서울시,https://youth.seoul.go.kr/infoData/plcyInfo/view.do?plcyBizId=20250316005400210628&tabKind=001,주거,주택정책관,신혼부부 · 청년의 주거안정을 위한 주거비 부담 완화,"ㅇ 추진근거
- 서울특별시 주거기본조례 제7조
- 서울특별시 출산 및 양육지원에 관한 조례 제4조
- 서울특별시 청년주거 기본 조례 제7조
ㅇ 추진경과
- 2017.01.   청년 임차보증금 이자지원 사업 시행
- 2018.05.   신혼부부 임차보증금 이자지원 사업 시행
- 2020.01.   1차 금융지원 확대(소득기준, 지원금리 확대)
- 2023.05.   2차 금융지원 확대(대출한도 확대, 추가 지원금리 신설 등)
- 2024.07.   3차 금융지원 확대(소득기준, 지원금리 확대 등)
ㅇ 사업 내용
- 신혼부부 보증금 이자지원
- 청년 보증금 이자지원
ㅇ 사업비 : 90,071백만원",,20250701 ~ 20251231,0,,만 19세 ~ 만 39세,제한없음,제한없음,제한없음,제한없음,,,,,,,,,,
20250316005400210627,청년과 어르신 주거공유(한지붕세대공감),어르신의 고립감을 해소하고 대학(원)생에게 주변 임대료보다 저렴하게 주거공간을 제공하여 주거비 부담 완화,,서울시,https://youth.seoul.go.kr/infoData/plcyInfo/view.do?plcyBizId=20250316005400210627&tabKind=001,주거,주택정책관,어르신의 고립감을 해소하고 대학(원)생에게 주변 임대료보다 저렴하게 주거공간을 제공하여 주거비 부담 완화,"신청 시 1실당 100만원 이내 환경개선(도배, 장판 교체 등) 공사
ㅇ (사업 대상)
- 어르신 : 방 1실 이상 주택을 소유한 60세 이상 어르신
- 학  생 : 대학(원) 재학생 및 휴학생",,,100,,만 0세 ~ 만 0세,대학 재학,제한없음,제한없음,제한없음,,,,,,https://housing.seoul.go.kr/site/main/content/sh01_060504,"□ 사업 내용
ㅇ (사업 근거)
- 서울특별시 공유촉진조례 제7조(자치구와의 협력 및 지원)
- 서울특별시 보조금 관리조례
ㅇ (추진 경과)
- 자치구 공유촉진 사업 지원계획(사회혁신담당관-9289, 2013.9.22.)
- 세대융합형 룸쉐어링 시범사업 추진계획(임대주택과-12021, 2014.10.23.)
- 세대융합형 룸쉐어링 시범사업 추진(주택정책과, ’14.11~)
- 룸셰어링 사업 통합 및 개선계획(주택정책과-3330, 2016.2.29.)
- 한지붕세대공감 사업 개선 추진계획(임대주택과-321, 2025.1.8.)
ㅇ (사업 기간)
- ‘25.1.1 ~ ’25.12.31
ㅇ (사업비) 70백만원",,,
20250316005400210626,청년 매입임대주택 사업,ㅇ 무주택 저소득 청년층의 주거안정을 위해 신축주택을 매입하여 저렴하게 공급,,서울시,https://youth.seoul.go.kr/infoData/plcyInfo/view.do?plcyBizId=20250316005400210626&tabKind=001,주거,주택정책관,ㅇ 무주택 저소득 청년층의 주거안정을 위해 신축주택을 매입하여 저렴하게 공급,"ㅇ (사업 근거)
- 공공주택특별법 제43조, 기존주택 등 매입임대주택 업무처리지침
ㅇ (추진 경과)
- 2022년 기존주택 매입임대주택 공급계획(’22.2.28)
- 2023년 기존주택등 매입임대주택 공급계획(’23.3.16)
- 2024년 기존주택등 매입임대주택 공급계획(‘24.2.  )
ㅇ (사업 기간)
- 2025. 1. ~ 2025. 12.
ㅇ (사업 대상) 대학생, 취업준비생 등 청년
- (연령 기준) 19세~39세
- (소득 기준) 전년도 도시근로자 월평균소득 100%이하
- (기타 조건) 자산기준 제한
ㅇ (사업 내용)
- 민간이 건설한 다가구, 다세대 등 양호한 신축예정주택을 서울주택도시공사에서 매입하여 무주택 저소득 청년층에게 저렴하게 공급
ㅇ (사업비) 55,709백만원 (국비 38,709백만원, 지방비 17,000백만원)",,,1000,,만 19세 ~ 만 39세,제한없음,제한없음,미취업자,제한없음,,,,,,,,,,
20250316005400210625,서울 청년 밀키트 창업지원,ㅇ 민관 보유 창업 인프라를 활용한 청년 밀키트 창업 지원으로 준비된 창업가 양성,,서울시,https://youth.seoul.go.kr/infoData/plcyInfo/view.do?plcyBizId=20250316005400210625&tabKind=001,일자리,농수산유통과,ㅇ 민관 보유 창업 인프라를 활용한 청년 밀키트 창업 지원으로 준비된 창업가 양성,"ㅇ (사업 근거)
-「청년기본법」제18조(청년 창업지원)
- 서울특별시 청년 창업 지원 조례 제5조(청년 창업지원 사업)
ㅇ (추진 경과)
- ('22.3~11) 서울농수산식품공사 주관 서울 청년 밀키트 창업지원 시범사업 추진
- ('22.5) 공사․롯데마트 MOU(밀키트 창업지원 사업 업무협약) 체결
ㅇ (사업 기간) '22.3~계속
ㅇ (사업 대상) 공고일 기준 서울 거주 19~39세 청년 창업 희망자
ㅇ (사업 내용) 기수별 창업교육 운영(3개 기수)
- (교육)실무 중심의 창업교육(8주) 진행으로 교육 종료 후 현업 적용도 향상
▸ 집합교육(5주) : 창업교육, 밀키트 메뉴 개발 과정 멘토링(현직 외식업체 대표 등)
▸ 시제품 제작 및 전문가 컨설팅(3주) : 메뉴 개선(맛) 등 롯데마트 밀키트 개발 쉐프진 사회공헌활동 참가
- (판로지원) 시제품 경진대회 우수작 밀키트를 상품화하여 롯데마트 입점
▸ 마트 매대의 일정공간을 서울 청년 밀키트 전용 공간으로 운영(’24년 추진 예정)
ㅇ (사업비) 153백만원",,20250301 ~ 20250331,0,,만 19세 ~ 만 39세,제한없음,제한없음,(예비)창업자,제한없음,,,,,,,,,,
20250316005400210624,로컬크리에이터 양성(로컬인서울),ㅇ 지역의 역사적․문화적 특색을 살린 상품․서비스로 로컬브랜드 상권 활성화에 앞장설 수 있는 청년 창업가 양성 및 지원,,서울시,https://youth.seoul.go.kr/infoData/plcyInfo/view.do?plcyBizId=20250316005400210624&tabKind=001,일자리,상권활성화과,ㅇ 지역의 역사적․문화적 특색을 살린 상품․서비스로 로컬브랜드 상권 활성화에 앞장설 수 있는 청년 창업가 양성 및 지원,"ㅇ (사업 근거)
- 서울시 소상공인 지원에 관한 조례 제8조(경영 및 창업지원)
- 서울시 청년창업 지원 조례 제5조(청년창업 지원사업), 제6조(청년창업 경진대회 개최)
- 로컬브랜드 상권 육성계획(노동‧공정‧상생정책관-4896 ’21.10.29.)
ㅇ (추진 경과)
- 로컬브랜드 상권육성사업 연계 로컬크리에이터 양성과정 운영계획 수립 : ’22.6.
- 로컬크리에이터 양성과정(로컬인서울) 1~3기 시행 : ’22.9.~’24.12.
ㅇ (사업 기간) ’22년 9월~계속
ㅇ (사업 대상) 로컬브랜드 상권 내에서 창업할 서울시 거주 중인 청년
- (연령기준) 19세~39세
- (신청분야) 라이프스타일 편집샵, 복합문화공간, F&B 등 창업가의 개성 및 경험을 반영해 로컬브랜드 상권에서 공간창업을 진행할 수 있는 전 분야
ㅇ (사업 내용)
- 서울형 로컬크리에이터 전문과정(로컬인서울) 운영
- 사업화 자금 3,000만원 및 창업자금 융자 최대 1억원 지원
- 상권내 안정적 창업을 위한 후속컨설팅 지원
ㅇ (사업비)  235백만원",,,235,,만 19세 ~ 만 39세,제한없음,제한없음,(예비)창업자,제한없음,,,,,,,,,,
20250316005400210623,청년 골목창업 지원,"ㅇ 청년창업 지원을 통한 혁신적인 청년 사업가 양성
ㅇ 지속가능한 골목창업환경 조성을 통한 지역경제 활성화",,서울시,https://youth.seoul.go.kr/infoData/plcyInfo/view.do?plcyBizId=20250316005400210623&tabKind=001,일자리,소상공인정책과,"ㅇ 청년창업 지원을 통한 혁신적인 청년 사업가 양성
ㅇ 지속가능한 골목창업환경 조성을 통한 지역경제 활성화","ㅇ (사업 근거)
- 서울특별시 소상공인 보호 및 지원에 관한 조례 제8조(경영 및 창업지원), 제9조(소상공인경영지원센터), 제11조(사무의 위탁)
ㅇ (추진 경과)
- 프렙 아카데미(舊골목창업학교) 개소(‘21.7.5.)
- 프렙 아카데미 1~7기 교육생 모집 및 교육(’21.7.5.~‘24.12.31.)
※ ‘24년 6월 골목창업학교에서 프렙 아카데미로 리브랜딩
- 프렙 아카데미 8기 교육생 모집 및 교육(’25.3.28..~ )
ㅇ (사업 기간) ’21년 7월~계속
ㅇ (사업 대상) 외식업·베이커리·식음료 분야 예비창업가
- (연령 기준) 서울 소재 19~39세
※ 의무복무 제대군인 복무기간 가산
- (소득 기준) 소득 조건 없음
ㅇ (사업 내용)
- (이론교육) 상권분석, 임대차계약, 마케팅, 위생관리 등 창업 및 경영에 필수적인 주제별 강의 실시
- (실습교육) 전문가 1:1 코칭으로 레시피 개발 지원 및 품평회를 통한 실습 결과물 평가, 보완기회 제공
- (멘 토 링) 선배 사업가 멘토풀 활용, 경영 노하우 전수
- (사후관리) 창업 전후 컨설팅, 홍보 마케팅, 창업자금 최대 7천만원 융자지원
ㅇ (사업비)     2,209백만원 (시비 100%)",,20250301 ~ 20250331\N20250801 ~ 20250831,60,,만 19세 ~ 만 39세,제한없음,제한없음,,제한없음,ㅇ 연령 : 만 19세~만 39세(※ 의무복무 제대군인 복무기간 최대 3년 가산),,"상반기 : 신청마감
하반기 : 7월 말 ~ 8월 말 예정",,,,,,,
20250316005400210622,2025 캠퍼스타운 혁신 및 청년희망·지역경제 활성화,"ㅇ 서울캠퍼스타운은 대학과 지역이 협력하여 청년 창업과 지역경제를 활성화하는 사업입니다. 
2025년 현재 20개 캠퍼스타운에서 창업공간지원, 특화된 창업보육 프로그램 등을 통해 창업기업을 
지원하고 있습니다. 서울 캠퍼스 타운은 창업을 꿈꾸는 청년을 응원합니다.",,서울시,https://youth.seoul.go.kr/infoData/plcyInfo/view.do?plcyBizId=20250316005400210622&tabKind=001,일자리,경제일자리기획관,"ㅇ 서울캠퍼스타운은 대학과 지역이 협력하여 청년 창업과 지역경제를 활성화하는 사업입니다.
2025년 현재 20개 캠퍼스타운에서 창업공간지원, 특화된 창업보육 프로그램 등을 통해 창업기업을
지원하고 있습니다. 서울 캠퍼스 타운은 창업을 꿈꾸는 청년을 응원합니다.","- (창업형) 청년 초기 창업기업 발굴·육성, 대학·자치구 협력 지역활성화
▸ 4~5기 4년간 최대 80억원, 6기 2+1년간 최대 45억원 이내 지원
- (단위형) 청년활동 증진 위한 단위 프로그램 운영
▸ 3년간 최대 15억원 이내 지원",,20250101 ~ 20250331,0,,만 19세 ~ 만 39세,제한없음,제한없음,(예비)창업자,제한없음,,,개별 공고 참조,,개별 공고 참조,https://campustown.seoul.go.kr/site/main/home,"- 주소: 04514 서울특별시 중구 서소문로 124 시티스퀘어빌딩 18층
- 고객센터 : 02-2133-4823",주관기관과 동일,https://campustown.seoul.go.kr/site/main/home,
20250316005400210621,청년쿡 비즈니스센터 식품제조 스타트업 지원,청년 푸드산업 스타트업 창업 활성화를 위한 성장 기반 마련,,서울시,https://youth.seoul.go.kr/infoData/plcyInfo/view.do?plcyBizId=20250316005400210621&tabKind=001,일자리,청년사업담당관,청년 푸드산업 스타트업 창업 활성화를 위한 성장 기반 마련,"□ 공간지원 프로그램
(입주기업)
‧ 센터 내 사무 공간 제공(기업당 1석)
‧ 제품 생산·판매를 위한 주방 및 냉장·냉동실 사용
※ 즉석판매제조가공업만 가능하며, 영업신고 必
(비입주기업)
‧ 신제품 연구개발을 위한 주방 사용
□ 인큐베이팅 프로그램
‧ 제품개발을 위한 초기 사업비 일부 지원(총 150만 원, 지원금 100만 원 + 자부담금 50만 원)
‧ 식품위생법, 식품표시사항, 법률, 마케팅, 특허, 투자 등 각 분야 전문가 1:1멘토링
‧ 온 · 오프라인 품평회 지원
‧ 코엑스 푸드위크 등 국내 전시회·박람회 참가비(부스 비용), 서울시 주최 식품 관련 행사 우선 참가, 크라우드펀딩(와디즈, 해비빈 등)을 포함한 판로지원
‧ 브랜드 및 제품 홍보 지원(홍보 콘텐츠 제작, 홍보 채널 제공 등)
‧ 입주기업 간 네트워킹 지원(역량 강화 교육, 현장 탐방, 네트워킹 행사 등)
‧ 대기업·플랫폼 등 연계 협업, 온·오프라인 판로지원
‧ 중간 평가 및 최종성과공유회를 통한 사업화자금 지원 및 투자유치 기회 제공
▶ 중간 평가: 총 3,500만원 규모 ▶ 최종성과공유회 : 총 2,000만원 규모
※ 사업 운영 진행상황에 따른 변동 가능
□ 지원기간 : 협약일 ~ 2026년 2월 28일까지
※ 입주 공간은 독립공간이 아닌 개방형 공간이며, 센터 공간 내 제품 상시 판매 불가.
※ 입주기업의 경우, 1차 년도 사업 종료 이후 평가를 통해 연장 가능",,20250301 ~ 20250331,19,,만 19세 ~ 만 34세,제한없음,제한없음,,제한없음,"□ 입주기업
‧ 공고일 기준 19~39세(대표자), (시)제품을 보유한 (예비)창업팀
‧ 즉석판매제조가공업만 지원가능
‧ 서울 외 지역 거주 청년 지원 가능(입주 후 센터주소로 사업자등록 혹은 지점 설립 필수)
‧ 입주 후 1개월 이내 사업자등록 및 영업신고(즉석판매가공업) 필수
□ 비입주기업
‧ 공고일 기준 19~39세(대표자), (시)제품을 보유한 창업팀
‧ 서울에 사업 소재지를 둔 즉석판매제조가공업, 식품제조가공업, 위탁생산 및 유통전문판매업을 운영 하고 있는 창업 7년 미만 스타트업
※ 졸업기업 재지원 가능(단, 중간·최종 사업화 자금지원 제외 참여)
※ 청년 창업자 인정기준 : 1986.03.10.~ 2006.03.10. 출생자
※ 청년 기준 연령 산정시 군복무기간 상한 연장 적용",,"신청링크를 통한 제출 (별첨 지원서 양식 작성, 구글 폼 문항 내 제출)","서류평가 : 자격요건 및 서류평가(3.31 ~ 4.4)
서면심사 결과발표 : 개별 안내(문자, 메일) (4.7)
발표평가 : 발표평가(현장대면) (4.9 ~ 4.10)
최종 발표 : 개별 안내(문자, 메일) (4.14)
오리엔테이션 : 프로그램 안내 및 개별 협약(대면 진행) (4.16)
※ 세부 일정은 변경될 수 있음",,https://forms.gle/NHB9oJEbgK7voXB29,"□ 사업 내용
ㅇ (사업 근거)
- 「청년기본법」제17조, 제18조
- 「서울특별시 청년기본조례」제11조, 제12조, 제21조
- 「서울특별시 청년창업지원조례」제5조
ㅇ (추진 경과)
- 청년자율예산(’21년 글로벌 K푸드 브랜딩 플랫폼 사업) 	: ’20. 7.
- 청년쿡 비즈니스센터 설치·운영 사업계획(서울시)	: ’20.9.
- 청년요식업 분야 창업실태조사 용역 시행 		: ’20.10.~12.
- 쿡비즈니스센터 설치·운영 변경계획(서울시) 	: ’21.9.
- 공간 임차계약 체결 					: ’21.10.
- ’22년 청년쿡 비즈니스센터 조성 및 운영 계획(외식업)    : ’22.1.
- 서울시 청년쿡 비즈니스센터 개소                       : ’22.5.
- ’23년 청년쿡 비즈니스센터 운영 계획(외식업→식품제조업) : ’23.2.
- ’24년 청년쿡 비즈니스센터 운영 계획(영등포센터 포함)    : ’24.3.
- 서울시 청년쿡 푸드테크센터 개소                       : ’24.12.
ㅇ (사업 기간) : 2025. 3. ~ 2026. 2.
ㅇ (사업비)  1,090백만원(시비 100%)",,https://youth.seoul.go.kr/bbs/view.do?pstSn=2503070001&key=2303300002&sc_detailAt=&pageIndex=1&orderBy=regYmd+desc&sc_wDateS=&sc_wDateE=&sc_bbsCtgrySn=2304110001&sc=&sw=&recordCountPerPage=10,
20250316005400210620,지역연계형 청년 창업 지원사업(넥스트로컬),"ㅇ 지역상생 차원의 농업‧농촌자원에 대한 인식 전환 및 문화‧관광‧IT 등 다양한 분야에서의 서울청년 참여 지역활력사업 추진 
 ㅇ 서울청년의 지역탐색 과정 통한 지역자원 활용 아이디어 발굴 ‧실험 지원 및 서울-지방 민관협력 통한 지역연계 창업환경 조성 
 ㅇ 지역균형발전을 위해 지역경제 활성화 가능한 청년 비즈니스 모델 개발 및 서울-지역 간 지속가능한 경제적 상생 도모",,서울시,https://youth.seoul.go.kr/infoData/plcyInfo/view.do?plcyBizId=20250316005400210620&tabKind=001,일자리,대외협력과,"ㅇ 지역상생 차원의 농업‧농촌자원에 대한 인식 전환 및 문화‧관광‧IT 등 다양한 분야에서의 서울청년 참여 지역활력사업 추진
ㅇ 서울청년의 지역탐색 과정 통한 지역자원 활용 아이디어 발굴 ‧실험 지원 및 서울-지방 민관협력 통한 지역연계 창업환경 조성
ㅇ 지역균형발전을 위해 지역경제 활성화 가능한 청년 비즈니스 모델 개발 및 서울-지역 간 지속가능한 경제적 상생 도모","ㅇ (사업 대상) 서울거주 만19~39세 예비 및 기 창업자
- (연령 기준) 19세~39세 이하
- (소득 기준) 기준 없음
- (기타 조건) 서울시 거주자, 청년
ㅇ (사업 내용)
- 지역아이템 활용하여 지역 또는 서울에서 창업하는 청년 개인 또는 팀별 연2천만원~7천만원 단계별 사업비 차등 지원
- 지역연계형 창업교육 및 전담코칭
- 지역별 맞춤식 혜택 및 자원연계 제공(공간 및 네트워크 등)
- 활동지역 : 총 18개 지역 - 강원권역(강릉, 영월, 양구), 충청권역(괴산, 단양, 서천), 호남권역(익산, 목포, 여수, 곡성, 장흥, 강진), 영남권역(구미, 영주, 상주, 예천, 하동, 함양)
※ 활동 희망지역은 위에 제시된 4대 권역 중 1개 권역을 선택하여 그 중 최대 3개까지 선택 가능",,20250305 ~ 20250331,140,,만 19세 ~ 만 39세,제한없음,제한없음,(예비)창업자,제한없음,,,,"서류합격발표 : 4월 9일(수)
면접전형 : 4월 17일(목) ~ 4월 18일(금)
최종선발 : 4월 21일(월)
합격자에게는 개별 메일 발","□ 팀당 1개 제출
※ 양식 다운 후 작성
- 팀 소개서
- 사업신청서
□ 팀원 모두 제출
※ 개인별로 작성 및 발급하여 대표가 하나의 파일로 제출
- 개인정보 수집 이용 및 마케팅 활용 동의서
- 주민등록등본
* [상한 연령 연장 군필자] 병적증명서, 전역증
- 사실증명원
* [예비창업자]사업자등록사실여부
* [기창업자]총사업자등록내역
- [기창업자]사업자등록증
- [타 지역 거주 청년] 서울시 관내 활동이력 증빙자료
* 재학증명서, 졸업증명서, 재직증명서, 4대보험 가입내역 확인서 중 택1
□ 기타 제반서류
- 지자체 출신 청년 증빙 등",https://seoulnextlocal.co.kr/,"□ 사업 내용
ㅇ (사업 근거)
- 도시와 농어촌 간의 교류촉진에 관한 법률 제3조, 제12조
- 서울특별시 상생교류 활성화 지원에 관한 조례 제4조
- 서울특별시 청년 기본 조례 제3조, 청년 창업 지원 조례 제5조, 제13조
- 지역상생 청년 일자리 창출 연계사업 운영계획(서울시장방침 제64호)
ㅇ (추진 경과)
- 「지역상생 청년 일자리 창출 연계사업 운영계획」방침 수립 : ’19.3.
- 지역연계형 청년 창업 지원사업 1~6기 시행  : ’19.9 ~ ’24. 12
ㅇ (사업 기간)
- ‘19년 9월 시행 ~ 계속시행
ㅇ (사업비) 1,320백만원 (전액 시비)",,,
20250316005400210619,서울청년 예비인턴,"ㅇ 대학 재학생에게 졸업 전 선제적으로 일경험 기회를 제공하여, 청년들의 직무역량을 향상시키고 기업 요구에 맞는 실무형 인재 양성",,서울시,https://youth.seoul.go.kr/infoData/plcyInfo/view.do?plcyBizId=20250316005400210619&tabKind=001,일자리,청년정책담당관,"ㅇ 대학 재학생에게 졸업 전 선제적으로 일경험 기회를 제공하여, 청년들의 직무역량을 향상시키고 기업 요구에 맞는 실무형 인재 양성","ㅇ (사업 근거)
- 청년기본법 제19조(청년 능력개발 지원), 청년고용촉진특별법 제1조·제3조
- 서울특별시 청년기본조례 제11조(청년의 능력개발 및 교육지원 등)
- 서울특별시 청년일자리 기본 조례 제7조 제1항(직장체험 기회 제공)
ㅇ (추진 경과)
- 서울청년 예비인턴 추진계획 수립 : ʼ24. 4.
- 사업 운영 전문기관 선정 ※운영대행(ʼ24. 4. 22.), 직무교육(ʼ24. 6. 18.)
- 총 8개 직무분야 선정 : ʼ24. 4.
- 서울 청년 예비인턴 참여기업 모집 : ʼ24. 4.~5.
- 참여기업 선정 심사위원회 운영 : ʼ24. 5.
- 예비인턴 참여자 모집·선발 : ʼ24. 6.~7. ※근로기간 ʼ24.8.1.~11.30.
- 발대식 : ʼ24. 7. 15.
- 예비인턴 참여자 추가 모집·선발 : ʼ24. 8.~9. ※근로기간 ʼ24.9.12.~12.11.
- 예비인턴 기업 및 참여자 현장점검 : ʼ24. 9.~10.
- 직무수행역량 평가 : ʼ24. 8.~11.
- 참여자 및 참여기업 대상 만족도 조사 : ʼ24. 12.
- 성과공유회 : ʼ24. 12. 18.
ㅇ (사업 기간) ‘24년 ~ (계속사업)
ㅇ (사업 대상) 서울 거주 혹은 서울 소재 대학 재학 중인 만 19~39세 청년
- (연령 기준) 19~39세
- (소득 기준) 무관
※ 우선 선발 대상(서류 심사시 가점 부여)
- 취업취약계층 : 저소득층, 장애인, 국가 유공자, 취업지원 대상자 등 (관련 증빙자료 제출)
- 청년부상 제대군인(군의관발병경위서, 의사진단서 등 증빙자료 제출)
- 4학기 이상 수료한 재학생(3,4학년)(재적증명서 등 증빙자료 제출)
ㅇ (사업 내용) 기업 직무체험 기회 제공 및 직무역량 강화 교육 지원
- (직무체험) 기업별 직무 수요에 따라 청년 선발 후 인턴 배치
- (근로조건) 주 5일 8시간 최대 4개월 근무, 생활임금* 및 보험료 지급
* ’25년 서울시 생활임금 적용, 시급 11,779원(월 2,461천원)
ㅇ (사업비) 1,131백만원 (지방비 1,131백만원)",,20250301 ~ 20250630,100,,만 19세 ~ 만 39세,대학 재학,제한없음,제한없음,제한없음,,,,,,,,,,
20250315005400210618,미래 청년 일자리 사업,"ㅇ 미래 변화를 주도할 신산업 분야 청년일자리 발굴 및 제공
ㅇ 기업맞춤형 직무교육과 일경험 병행을 통해 기업-청년 미스매치 완화",,서울시,https://youth.seoul.go.kr/infoData/plcyInfo/view.do?plcyBizId=20250315005400210618&tabKind=001,일자리,청년정책담당관,"ㅇ 미래 변화를 주도할 신산업 분야 청년일자리 발굴 및 제공
ㅇ 기업맞춤형 직무교육과 일경험 병행을 통해 기업-청년 미스매치 완화","ㅇ (사업 근거)
- 청년기본법 제17조(청년 고용촉진 및 일자리 질 향상)
- 청년고용촉진특별법 제1조(목적) · 제3조(국가 및 지방자치단체 등의 책무)
- 서울시청년기본조례 제11조(청년의 능력개발 및 교육지원 등) · 제12조(청년의 고용확대 등)
- 서울시일자리정책기본조례 제5조(일자리 창출 사업) · 제6조(취업지원 사업)
ㅇ (추진 경과)
- 서울청년시민회의 청년자율예산 정책 제안 : 20. 7.
- 서울청년시민회의 대시민투표 추진 : 20. 8.
- 청년 일자리 ‘1,000개의 꿈’ 사업 추진 : 21. 1. ~ 12.
- 미래 청년 일자리 사업 추진 : 22. 1. ~
· 서울시-한국콘텐츠진흥원 업무협약 체결 : 22. 3.
· 서울시-한국사회적기업진흥원 업무협약 체결 : 23. 3.
ㅇ (사업 기간) : ’22년 ~ (계속사업)
ㅇ (사업 대상) : 서울 거주 미취업 청년(※대학 및 대학원 재학생 참여 제외)
- (연령 기준) : 만19~39세
- (소득 기준) : 무관
· 취업취약계층(저소득층·장애인·국가유공자 등) 서류심사 가점을 통한 우대 지원
ㅇ (사업 내용)
- 최대 6개월 일자리 지원 + 역량강화 교육 지원
ㅇ (사업비) : 8,953백만원 (지방비 8,953백만원)",,20250301 ~ 20250731,500,,만 19세 ~ 만 39세,제한없음,제한없음,미취업자,제한없음,,,,,,,,,,
20250315005400210617,청년취업사관학교 조성 및 운영,ㅇ 디지털 신기술 분야 양질의 교육과정 제공 및 취업지원을 통해 청년일자리 미스매칭 해소,,서울시,https://youth.seoul.go.kr/infoData/plcyInfo/view.do?plcyBizId=20250315005400210617&tabKind=001,일자리,경제일자리기획관,ㅇ 디지털 신기술 분야 양질의 교육과정 제공 및 취업지원을 통해 청년일자리 미스매칭 해소,"ㅇ (사업 근거) 「서울특별시 일자리정책 기본조례」제6조 및 제18조
ㅇ (추진 경과)
- ’21.07.09 : 청년취업사관학교 추진 기본계획 수립
- ’21.12.28 : 청년취업사관학교 금천 캠퍼스 개관
- ’22.1~12월 : 마포, 용산 등 5개 캠퍼스 개관
- ’23.1~12월 : 광진, 서대문 등 8개 캠퍼스 개관
- ’24.1~12월 : 강북, 관악 등 5개 캠퍼스 개관
ㅇ (사업 기간) 2021년 ~
ㅇ (사업 대상) 20~30대 청년 구직자 중심
ㅇ (사업 내용) AI 교육 + 취·창업지원
- 교육과정 : AI 핵심(딥러닝, 머신러닝 등) + AI 융합(AI+빅데이터, 핀테크 등)
- 취업지원 : 잡 코디, 일자리 매칭데이 개최 등
- 창업지원 : BM/법률/회계 등 멘토단 구성(32명), 창업 자문
ㅇ (사업비) 44,404백만원 (지방비 100%)",,,3000,,만 15세 ~ 만 39세,제한없음,제한없음,미취업자,제한없음,,,,,,,,,,
20250315005400210616,서울 매력일자리,어려운 고용여건에 있는 실업시민이 안정된 생활기반 위에서 직업역량을 배양하고 체계적인 취·창업 지원을 통해 안정적 일자리 진입 지원,,서울시,https://youth.seoul.go.kr/infoData/plcyInfo/view.do?plcyBizId=20250315005400210616&tabKind=001,일자리,경제일자리기획관,어려운 고용여건에 있는 실업시민이 안정된 생활기반 위에서 직업역량을 배양하고 체계적인 취·창업 지원을 통해 안정적 일자리 진입 지원,"○ 지원내용: 직무교육 + 일 경험 제공 + 취·창업 지원
○ 일터 기반 학습을 통한 취업 디딤돌 일자리 사업
- 경력형성형 : 민간 부문에서 경력 형성 기회가 적고 공공부문에서 주도적으로 유용한 일 경험 기회 제공이 가능한 일자리 연계사업
- 약자동행형 : 노인 · 장애인 등 사회적 약자 보호를 위한 정책사업 지원 및 민간분야 일자리 연계가 가능한 사업
○ 임금: 서울형 생활임금 시급 11,779원 적용 (일급제)
○ 최대 18개월간 안정적으로 근무가능 (풀타임 · 파트타임 선택가능)
○ 일하는 동안 관련 경력을 쌓아 민간일자리에 취업, 2023년 참여자취업률 60.5%
○ 연간 140시간 취·창업교육, 자격증 응시비용 지원
○ 문의처 : 다산콜센터 120",,20250101 ~ 20250331,3500,,만 18세 ~ 만 39세,,제한없음,미취업자,제한없음,,,,,,https://job.seoul.go.kr,"□ 사업 내용
ㅇ 사업 근거
- 고용정책기본법 제6조(국가와 지방자치단체의 시책), 제34조(실업대책사업)
- 서울특별시 일자리정책 기본 조례 제3조(시장의 책무)~7조(보조금 지원 사업)
- 서울특별시 청년일자리 기본 조례 제3조(책무), 제11조(행정적·재정적 지원)
ㅇ 주요 추진경과
- (2013년) 취약계층의 일자리지원을 위한 경과형 일자리 도입
- (2015년) 민간수요를 반영한 민간공모 방식 도입
- (2016년) 청년사업 강화, 투자출연기관 사업 추진
- (2017년) 참여자 처우 개선(생활임금 지급 등), 자치구 사업 도입
- (2018년) 민간기업 맞춤형 뉴딜일자리 사업 도입
- (2020년) 평가 개선 등 사업관리 강화, 참여자 온라인 교육 도입
- (2021년) 온라인 교육 확대, 사업종료자 취창업 지원서비스 도입
- (2022년) 서울시 공공일자리 개편
- (2024년) 뉴딜일자리에서 매력일자리로 사업명칭 변경
ㅇ 사업 기간 : ’13년부터 계속사업
□ 과제 추진체계
ㅇ 사업 대상 : 구직의사 있는 미취업 만18세 이상 서울시민
ㅇ 사업주체
- 공공형(서울시, 투자출연기관, 자치구), 민간형(민간협회·단체)
ㅇ 사업 시행방법
- 직접사업(서울시 본청 및 사업소), 간접사업(자치구 사업: 시 70%, 구 30%)
- 민간보조사업(투자출연기관, 민간기업 맞춤형, 민간 협단체 협력형)
ㅇ 사업비: 71,130백만원(구비 3,039백만원 별도)",,https://news.seoul.go.kr/economy/newdeal,
20250315005400210614,서울시 일자리카페 운영,"ㅇ 취업준비 청년에게 일자리정보와 취업상담, 특강, 멘토링 등 취업 역량강화 프로그램과 스터디룸 대여, 이력서용 사진촬영 등 취업 준비 종합서비스 제공",,서울시,https://youth.seoul.go.kr/infoData/plcyInfo/view.do?plcyBizId=20250315005400210614&tabKind=001,일자리,경제일자리기획관,"ㅇ 취업준비 청년에게 일자리정보와 취업상담, 특강, 멘토링 등 취업 역량강화 프로그램과 스터디룸 대여, 이력서용 사진촬영 등 취업 준비 종합서비스 제공","ㅇ 사업 근거
- 서울특별시 청년일자리 기본조례 제11조(행정적·재정적 지원)
- 서울특별시 일자리정책 기본조례 제18조(일자리지원시설)·제19조(행정·재정 지원)
ㅇ 사업 기간 : ’16년 ~ 계속 사업
ㅇ 사업 대상 : 39세 이하 청년 구직자
ㅇ 사업내용 : 취업지원 프로그램(1:1상담, 취업특강, 멘토링 등)및 스터디룸 무료 제공
ㅇ 사업비 : 1,297백만원 (지방비 100%)",,20250201 ~ 20251231,0,,만 19세 ~ 만 39세,제한없음,제한없음,제한없음,제한없음,,,,,,,,,,
20250315005400210613,서울형 청년인턴 직무캠프,ㅇ 실무중심 직무교육과 인턴십 과정의 접목으로 청년 구직자에게 일경험 및 취업역량 강화 지원,,서울시,https://youth.seoul.go.kr/infoData/plcyInfo/view.do?plcyBizId=20250315005400210613&tabKind=001,일자리,경제일자리기획관,ㅇ 실무중심 직무교육과 인턴십 과정의 접목으로 청년 구직자에게 일경험 및 취업역량 강화 지원,"ㅇ (사업 근거)
- 청년고용촉진특별법 제8조의2(청년에 대한 직장체험 기회 제공)
- 서울특별시 일자리 정책 기본 조례 제6조(취업 지원 사업)
- 서울특별시 청년일자리 기본 조례 제7조(청년일자리 지원 사업)
ㅇ (사업 기간)
- ’21년~ (계속사업)
ㅇ (사업 대상)
- 서울시 거주 청년(18∼34세 )
※「제대군인지원에 관한 법률 시행령」제19조에 따라 제대군인의 응시 연령을 군 복무기간만큼 최대 3년까지 연장
ㅇ (사업 내용)
- 사전직무교육 ✚ 인턴십 및 직장적응교육 ➔ 취업연계
ㅇ (사업비) 4,316백만원 (지방비 100%)",,,270,,만 18세 ~ 만 34세,제한없음,제한없음,제한없음,제한없음,,,,,,,,,,
20250315005400210612,2025 서울시 취업날개 서비스 지원,ㅇ 물가상승과 취업난으로 경제적 부담을 겪고 있는 구직 청년들을 지원,,서울시,https://youth.seoul.go.kr/infoData/plcyInfo/view.do?plcyBizId=20250315005400210612&tabKind=001,일자리,경제일자리기획관 일자리정책과 동행일자리팀,ㅇ 물가상승과 취업난으로 경제적 부담을 겪고 있는 구직 청년들을 지원,"ㅇ (사업 근거)
- 「청년고용촉진 특별법」제3조(국가 및 지방자치단체 등의 책무)
- 「서울특별시 청년 기본 조례」제12조(청년의 고용확대 등)
- 「서울특별시 청년일자리 기본 조례」제12조(행정적·재정적 지원)
ㅇ (추진 경과)
- ’16년도 취업날개 서비스 최초 시행계획 수립
- 청년구직비용 절감을 위한 재정적 지원 근거 신설
- ’24년 취업날개 서비스 운영기관 확대 (14개 지점)
ㅇ (사업 기간)
- ’16년~ (계속사업)
ㅇ (사업 대상)
- 서울시 거주 청년(고교졸업예정자 ∼ 39세 )
※ 주민등록 및 추가 증빙 등을 통하여 서울에 거소를 두고 있음이 확인된 청년
ㅇ (사업 내용)
- 구직용 면접정장 무료대여(1인당 연간 최대 10회)
ㅇ (사업비) 2,123백만원 (지방비 100%)",2025.01.01.~2025.12.31.,2025.01.01.~2025.12.31.,"55,000명",,만 18세 ~ 만 39세,제한없음,제한없음,제한없음,제한없음,"대여업체 문의가능 연락처
- 마이스윗인터뷰(영등포점) 영등포구 국회대로 547, 2층(영등포구청역 3번출구 도보 4분) 0507-1412-3027
- 마이스윗인터뷰(천호점) 강동구 천호대로151길 36, 8층(천호역 2번출구 도보 3분) 0507-1413-3027
- 열린옷장(건대점) 광진구 아차산로 213, 5층(건대입구역 1번출구 도보 1분) 02-6929-1020
- 체인지 레이디(왕십리점) 성동구 왕십리로 24나길 20, 4층(왕십리역 2번출구 도보 5분)              02-6204-1517
- 체인지 레이디(강남점) 강남구 역삼로3길 17-6, 3층(강남역 4번출구 도보 5분) 02-6204-1517
- 슈트 갤러리(회기점) 서대문구 신촌로 37길 75, 1층(충정로역 7번출구 도보 3분) 02-363-6009
- 야베스컬렉션(이수점) 서초구 방배천로24길 17, 3층(이수역 5번출구 도보 5분) 02-1833-5389
- 드림윙즈(홍대점) 마포구 동교동 161-5, 3층(홍대입구역 1번출구 도보 1분) 02-547-4782
- 달콤정장(성북점) 성북구 동소문로23길 8-12, 3층(성신여대입구역 7번출구 도보 4분 0507-1388-8420
- 스완제이(노원점) 노원구 동일로 1426, 5층(노원역 3번출구 도보 1분) 010-7578-7108
- 스완제이(신림점) 관악구 신림동길10 2층(당곡역 2번출구 도보 7분) 010-9808-7108
- 종로신사(종로점) 종로구 종로 223, 우교빌딩 4층(종로5가역 3번 출구 도보 1분) 02-743-1850","- 실제 회사 면접에 참여하는 경우만 대여 인정(대학원 면접 또는 모의면접에 참여할 경우 불인정)
- 증빙서류가 없는 경우 대여 불가, 대여시 증빙서류 지참",서울시 통합회원 가입 후 서울일자리포털 로그인하여 온라인 신청,"마이스윗인터뷰(천호,영등포) / 열린옷장(건대입구) / 체인지레이디(왕십리,강남) / 슈트갤러리(회기) / 스완제이(노원, 신림)/ 야베스컬렉션(이수) / 드림윙즈(홍대)/ 종로신사(종로) / 달콤정장(성북) 12 곳에서 대여가 가능. 대여기간은 3박4일.","- 서울 거주 사실을 증명할 수 있는 서류
- 실제 면접을 보는 회사의 면접확인 서류를 회사명, 면접일, 연락처 등이 보여지도록 캡처하여 업로드
- 전화로 면접을 통보받았을 경우 취업지원 사실을 확인할 수 있는 자료 제출",https://job.seoul.go.kr/hmpg/main/main.do?sso=ok,,,https://www.seoul.go.kr,
20250309005400210602,서울형 강소기업 육성 지원,"청년에게는 우수 중소기업에서 일할 기회를, 중소기업에게는 청년 인재를 채용할 기회를 제공하여 청년과 중소기업의 일자리 미스매치 해소를 통한 청년 일자리 확대에 기여",,서울시,https://youth.seoul.go.kr/infoData/plcyInfo/view.do?plcyBizId=20250309005400210602&tabKind=001,일자리,경제일자리기획관,"청년에게는 우수 중소기업에서 일할 기회를, 중소기업에게는 청년 인재를 채용할 기회를 제공하여 청년과 중소기업의 일자리 미스매치 해소를 통한 청년 일자리 확대에 기여","ㅇ (사업 근거)
- 청년고용촉진 특별법 제3조(국가 및 지방자치단체 등의 책무), 제7조
- 서울특별시 일자리정책 기본조례 제7조(보조금 지원 사업)
- 서울특별시 강소기업 육성 및 지원 조례 (’19. 3. 28. 제정)
ㅇ (추진 경과)
- (‘16년)「서울형 강소기업 선정을 통한 청년채용지원 및 일자리질 개선계획」수립
- (‘19년) 서울특별시 강소기업 육성 및 지원 조례 제정
ㅇ (사업 기간) 2016년 ~ (계속사업)
ㅇ (사업 대상) 서울시 소재 중소기업 중 공공기관 인증을 받은 기업
※ 주요 공공기관 인증 : 하이서울브랜드, 청년친화강소기업, 가족친화인증기업, 이노비즈(기술혁신기업), 메인비즈(경영혁신기업), 벤처기업
ㅇ (사업 내용)
- 청년이 선호하는 조직문화를 가진 기업을 발굴·육성, 청년인재 중소기업 유입을 촉진
ㅇ (사업비) 1,010백만원 (지방비 100%)",,20250601 ~ 20250630,0,,만 0세 ~ 만 0세,제한없음,제한없음,제한없음,중소기업,,,,,,,,,,
20260804005400213319,2026. 「은평 청년 버스킹 페스타」 참가자 모집,"지역의 청년모임을 대상으로한 버스킹 경연을 통하여 청년들의 지역활동 참여 및 재능발현의 장을 마련하고, 지역 상권을 이용하는 주민들에게 공연을 제공하여 청년과 지역사회간의 연대감을 강화",은평구,자치구,https://youth.seoul.go.kr/infoData/plcyInfo/view.do?plcyBizId=20260804005400213319&tabKind=001,참여.권리,서울특별시 은평구,"지역의 청년모임을 대상으로한 버스킹 경연을 통하여 청년들의 지역활동 참여 및 재능발현의 장을 마련하고, 지역 상권을 이용하는 주민들에게 공연을 제공하여 청년과 지역사회간의 연대감을 강화","춤, 노래, 연주, 마술, 악기연주 등 청년 버스킹 경연 및 시상
- 시상내역 : (1등) 100만원, (2등)50만원, (3등) 30만원",,20260727 ~ 20260814,16,,만 19세 ~ 만 39세,제한없음,제한없음,제한없음,제한없음,"19~39세 청년, 청년 모임 및 동아리",,"1) 구글 폼 링크 접속 또는 QR코드 스캔하여 신청서 접수
2) 30~90초 공연 영상 이메일 제출
- 주소 : jh0101@ep.go.kr
- 제목 : [ 은평 청년 버스킹 페스타 신청 ] 팀명 또는 이름
- 첨부 : 공연 영상 또는 유튜브 링크","1) 예선 : 2026. 8. 20.(목)
- 제출된 영상 심사 후 16팀 선정(결과 개별안내)
2) 본선 : 2026. 9. 5.(토) 17:00
- 청년판정단(60명) + 주민 코인 투표제
3) 결선 : 2026. 9. 5.(토) 19:00
- 전문 심사위원(70%) + 코인 투표(30%)","구글폼 신청서, 공연 영상 이메일 제출",https://docs.google.com/forms/d/e/1FAIpQLSfkA3BXF4T1hK_qj7koxZor2BDTYhBj3iKahMX0yPkruUEUeg/viewform,"2026. 은평 청년 버스킹 페스타 행사 개요
□ 일 시 : 2026. 9. 5.(토) 17:00~20:00
□ 장 소 : GTX연신849광장(연서로 231)
□ 대 상 : 19세~39세 청년, 청년 모임 및 동아리
□ 내 용 : 춤, 노래, 연주, 마술, 악기연주 등 청년 버스킹 경연",,https://www.ep.go.kr/www/selectEminwonView.do?pageUnit=10&pageIndex=1&searchCnd=notAncmtSj&searchKrwd=%EB%B2%84%EC%8A%A4%ED%82%B9&key=754¬AncmtMgtNo=50109¬AncmtSeCode=01,
20260706005400213250,"2026 청년 취업교육(N잡/프리랜서, 진로/취업 커리어 개발 교육)",취업·프리랜서 등 다양한 진로를 가진 청년 대상 맞춤형 커리어 개발 교육을 통해 청년들의 취업 역량을 강화하고 구직활동을 독려하고자 함,중랑구,자치구,https://youth.seoul.go.kr/infoData/plcyInfo/view.do?plcyBizId=20260706005400213250&tabKind=001,주거,서울특별시 중랑구,취업·프리랜서 등 다양한 진로를 가진 청년 대상 맞춤형 커리어 개발 교육을 통해 청년들의 취업 역량을 강화하고 구직활동을 독려하고자 함,"1차) N잡·프리랜서 교육(7회) : 7.14.~8.25. (화) 19시 운영 * 신청 : ~7.12.(선착순 마감)
- 교육내용 : 포트폴리오 작성, 비즈니스매너, 상황별 스타일링, 웹페이지 제작 등
2차) 진로·취업교육(7회) : 9.4.~10.30.(금) 14시 운영 * 신청 : 8월경(선착순 마감)
- 교육내용 : 진로탐색, 이력서 작성, 면접 준비, 퍼스널컨설팅 등
3차) 연말정산 특강(1회) : 11.10.(화) 19시 운영 * 신청 : 10~11월경(선착순 마감)
- 교육내용 : 사회초년생 연말정산 특강",,20260626 ~ 20260712,230,,만 19세 ~ 만 39세,제한없음,제한없음,제한없음,제한없음,선착순 지원 / 원하는 일정 선택 시 미참여자 우선 회차별 선발,당일 불참자 등,중랑청년청 인스타그램 참조 및 링크 네이버폼 작성 신청(1차),운영사무국에서 별도 연락,,https://forms.gle/9q7YJFCCpry7fg8r7,,,https://youth.seoul.go.kr/infoData/sprtInfo/view.do?sprtInfoId=71822&key=2309130006,
20260520005400213208,2026년 서울청년정책네트워크 하반기 모집,청년의 능동적인 시정참여 기회를 제공하기 위해 청년정책네트워크 하반기 모집을 진행,,자치구,https://youth.seoul.go.kr/infoData/plcyInfo/view.do?plcyBizId=20260520005400213208&tabKind=001,참여.권리,서울특별시 미래청년기획관 청년정책담당관,청년의 능동적인 시정참여 기회를 제공하기 위해 청년정책네트워크 하반기 모집을 진행,"정책제안 활동 및 선택활동(정책홍보, 청정아트, 파일럿 프로그램, 사회기여 중 택1) 지원",,20260520 ~ 20260529,0,,만 19세 ~ 만 39세,제한없음,제한없음,제한없음,제한없음,,"① 2차례 연임자(23~25년 연임)
② 과거 위원 활동 시 징계, 해촉 등 부적절한 전력이 있는 경우 위촉 불가","ㅇ 신청자격 : 서울시 거주 및 생활권으로 하는 만 19~39세 청년
- (생활범위) 서울 거주, 서울 소재 대학(재·휴학생) 또는 직장(재·휴직자)
- (연령범위) 2026.1.1. 기준 만 19~39세(1986.1.2.~2007.1.1. 출생)
※ ｢서울특별시 청년 기본 조례｣ 제24조에 따라 의무복무 제대군인은 복무기간에 비례하여 최대 3살의 범위에서 연령 상한 연장 적용
- 제외대상 : ① 2차례 연임자(23~25년 연임), ② 과거 위원 활동 시 징계, 해촉 등 부적절한 전력이 있는 경우 위촉 불가
ㅇ 신청절차
- 청년몽땅정보통(youth.seoul.go.kr) 접속 후 신청서 작성 및 증빙서류 첨부
- 서울청년정책네트워크 유튜브 채널에서 사전교육(비대면) 이수
- 구글 폼 링크를 통해 인증 사진 업로드 및 퀴즈 응시 (70점 이상 득점 필수)
ㅇ 문의처 : 서울시 미래청년기획관 청년정책담당관(02-2133-4317)
※ 문의시간 : 평일 09시~18시(공휴일 제외)","ㅇ  선발 방법
-  신청 자격 및 서류 적격 여부 확인 후, 선발심사단에서 활동신청서와 퀴즈 점수 등을 종합 평가하여 선발
ㅇ  결과 발표: 2026. 6. 5.(금) 17:00 예정 (청년몽땅정보통 공지)","1. 활동신청서 (필수): 지원동기, 제안정책, 선호활동 3개 문항 작성 (총 500자 이상, 청년몽땅정보통 신청페이지 내 신청서 작성)
2. 거주·생활 증빙서류 (필수)
(서울 거주자) 주민등록표 초본 (성명, 생년월일, 현주소만 표시)
(서울 생활권자) 재학·휴학증명서, 재직증명서, 사업자등록증 중 택 1
3. 우선선발 증빙서류 (해당자): 기초생활수급자 증명서, 차상위계층 확인서, 한부모가족증명서, 장애인증명서, 가족돌봄청년 신청서 등 (미제출 시 일반선발로 전환)
4. 市 위원회 추천 이력서 (선택): 향후 서울시 위원회 청년위원 추천 인력풀 활용 희망자 양식 제출",https://youth.seoul.go.kr/youthPlcyNtwkMbr/step0.do?key=2311050002,,,https://youth.seoul.go.kr/bbs/view.do?pstSn=2605150002&key=2303300002&sc_detailAt=&pageIndex=1&orderBy=regYmd+desc&sc_wDateS=&sc_wDateE=&sc_bbsCtgrySn=2304110001&sc=&sw=&recordCountPerPage=10,https://youth.seoul.go.kr/network/index.do
20260415005400212750,2026년 미취업청년 자격증 응시료 지원사업(중랑구),미취업 청년의 자격증 취득 비용을 지원하여 경제적 부담을 완화하고 취업역량을 강화하여 청년들의 구직활동을 촉진하고자 함,중랑구,자치구,https://youth.seoul.go.kr/infoData/plcyInfo/view.do?plcyBizId=20260415005400212750&tabKind=001,일자리,서울특별시 중랑구,미취업 청년의 자격증 취득 비용을 지원하여 경제적 부담을 완화하고 취업역량을 강화하여 청년들의 구직활동을 촉진하고자 함,"□ 신청기간 : 2026. 1. ~ 12. ※ 예산 소진시 조기 마감
□ 대    상 : 주민등록상 중랑구 거주 19 ~ 39세(1987.1.1.~2007.12.31.출생자) 미취업 청년
□ 지원내용 : 자격증 응시료 실비 (1인 생애 10만원 이내)
□ 대상 시험종류
- 어학(토익, 토스, 토플, 오픽, 아이엘츠, 텝스, 지텔프, HSK, JPT, JLPT 등)
- 한국사능력검정시험
- 국기기술자격증, 국가전문자격증(Q-NET에서 확인가능)
- 국가공인 민간 자격증(한국직업능력연구원 민간자격정보서비스에서 확인가능)
※ 경찰청 주관 자동차운전면허 제외
※ 합격 여부와는 무관하며, 자격시험 접수 후 미응시자는 지원 제외
○ 신청자 제출서류
① (필수)응시료 지원 신청서 ※ 서명란에 자필 서명
② (필수)개인정보 수집･이용 및 행정정보공동 이용에 관한 동의서 ※ 서명란에 자필 서명
③ (필수)응시 사실 확인 증빙(응시확인서 또는 성적표 중 택1) ※ 접수증 불가
④ (필수)응시료 결제 영수증(실제 결제금액 표기) ※ 매출전표 제출 원칙
⑤ (필수)통장 사본(신청자 본인 명의)
⑥ (선택)근로계약서
※ 근로계약서 : 근로계약 3개월 이하 또는 주 26시간 이하 단기근로자, 동행일자리 등
정부일자리 근로자일 경우 제출
※ 근로계약서가 없을 경우 계약기간 및 근로시간, 정부일자리 참여를 증명할 수 있는 증명서 제출
○ 기관 조회서류 ※ 단, 행정정보공동이용 미동의 시 신청자가 제출
① (필수)주민등록 초본 ※ 출생년도, 중랑구 거주유무 확인
② (필수)고용보험 피보험 자격이력내역서 ※ 미취업유무 확인",2026. 2. 2. ~ 예산 소진 시 조기 마감 예정,20260202 ~ 20261210,300,,만 19세 ~ 만 39세,제한없음,제한없음,미취업자,제한없음,,"- 현재까지 생애 10만원 이상 지원받은 자는 지원 제외(1인 생애 10만원 까지 지원가능)
- 2026년 서울 청년수당, 국민취업지원제도(1,2유형) 참여자는 지원 제외
- 2026년 타자치구 유사사업(자격증 응시료 지원사업 등) 참여자 지원 제외",신청방법 : 이메일(jnyouth2274@jn.go.kr) 또는 방문(중랑구청 지역경제과) 신청,"신청/발표 : 매월 20일까지 신청(12월은 10일까지) 분 월말 선정 통보, 익월 10일까 지원금 지급",,,,,https://www.jungnang.go.kr/health/bbs/view/B0000117/164097?menuNo=400493,
20260415005400212749,중랑청년청 동네친구 커뮤니티(중랑구),중랑구 거주 및 활동 청년 소모임 운영을 통한 청년 취미 활동 및 교류 활성화,중랑구,자치구,https://youth.seoul.go.kr/infoData/plcyInfo/view.do?plcyBizId=20260415005400212749&tabKind=001,참여.권리,서울특별시 중랑구,중랑구 거주 및 활동 청년 소모임 운영을 통한 청년 취미 활동 및 교류 활성화,"중랑청년청 동네친구 커뮤니티 모집
ㅇ 모임내용 : 탁구, 플로깅, 페이퍼크레프트, 영화감상 (모임일정 인스타 모집글 참조)
ㅇ 모집시기 : 상시
ㅇ 모집인원 : 미정
ㅇ 신청방법 : '중랑청년청' 인스타그램 게시글 QR스캔 접속하여 신청 폼작성
ㅇ 문의 : 0507-1410-1939(중랑청년청)",상시 모집,,0,,만 19세 ~ 만 39세,제한없음,제한없음,제한없음,제한없음,중랑구 거주 또는 활동 청년(19~39세),,,,,,,,https://www.instagram.com/p/DXEOOvzkwyH/?img_index=1,
20260415005400212748,2026년 중랑구 청년 창업 아카데미,창업 아이디어 발굴부터 비즈니스 모델 구축까지 단계별 창업 교육 및 멘토링을 통해 지역 청년 창업가를 양성하고자 함,중랑구,자치구,https://youth.seoul.go.kr/infoData/plcyInfo/view.do?plcyBizId=20260415005400212748&tabKind=001,일자리,서울특별시 중랑구 기획경제국,창업 아이디어 발굴부터 비즈니스 모델 구축까지 단계별 창업 교육 및 멘토링을 통해 지역 청년 창업가를 양성하고자 함,"□ 사업기간 : 2026. 5. ~ 6.  * 모집기간 : 4월말~5월초 예정
□ 대    상 : 중랑구 거주 또는 활동하는 19~39세 청년 예비 및 초기 창업가 20팀
□ 장    소 : 중랑청년청(중랑구 중랑역로 159)
□ 주요내용 : 창업 교육·전문가 멘토링(5회), 모의 창업대회·네트워킹데이(2회) 개최",,,20,,만 19세 ~ 만 39세,제한없음,제한없음,(예비)창업자,제한없음,"중랑구 거주 또는 활돋 예비 및 초기 창업가 20팀
(프로그램 완주 의지가 높고 실제 창업까지 연계가능한 중랑구 거주자 우선)",,ㅇ 신청절차 및 기간 4월 말 중랑청년청 인스타그램에 게시 예정,,,,,,https://www.instagram.com/jn_youth_,
20260415005400212747,2026년 중랑구 청년 재테크 교육,사회초년생을 위한 재테크 교육을 통해 청년들의 자산 형성 및 투자  등 재무 관리 역량을 강화하고자 함,중랑구,자치구,https://youth.seoul.go.kr/infoData/plcyInfo/view.do?plcyBizId=20260415005400212747&tabKind=001,복지.문화,서울특별시 중랑구 기획경제국,사회초년생을 위한 재테크 교육을 통해 청년들의 자산 형성 및 투자  등 재무 관리 역량을 강화하고자 함,"□ 사업기간 : 2026. 7. ~ 8.  * 2026. 5~6월중 모집 예정
□ 대    상 : 중랑구 거주 또는 활동하는 19~39세 청년 240명(회당 40명)
□ 장    소 : 중랑청년청 지하프로그램실(중랑구 중랑역로 159)
□ 주요내용 : 재무상태 진단·저축 및 투자 전략 수립 등 자산 관리 교육 운영",,,240,,만 19세 ~ 만 39세,제한없음,제한없음,제한없음,제한없음,중랑구 거주 또는 활동하는 19~39세 청년(중랑구 거주자 우선선발),,신청기간 현재 미정으로 '중랑청년청' 인스타그램에 신청 기간 및 절차 등 안내예정,,,,,,https://www.instagram.com/jn_youth_/,
20260410005400212688,2026년 중랑구 청년 취창업 특강 및 멘토링 운영,"전현직자 멘토링 및 특강을 통한 청년들의 다양한 진로 탐색 기회 제공 및 
청년 구직자의 활발한 취업활동 독려",중랑구,자치구,https://youth.seoul.go.kr/infoData/plcyInfo/view.do?plcyBizId=20260410005400212688&tabKind=001,일자리,서울특별시 중랑구,"전현직자 멘토링 및 특강을 통한 청년들의 다양한 진로 탐색 기회 제공 및
청년 구직자의 활발한 취업활동 독려","○ 사업기간 : 2026. 4. ~ 9.
○ 대    상 : 중랑구 거주 또는 활동 청년(1987.1.1.~2007.12.31. 출생자) 100여명
○ 장    소 : 중랑청년청(중랑구 중랑역로 159)
○ 내    용 : 전·현직자 멘토링(6회) 및 취·창업 특강(1회)  * 회당 15명 내외 모집
- 자세한 일정은 '중랑청년청 인스타그램' 을 통해 안내예정",매회 별도 모집,,70,,만 19세 ~ 만 39세,제한없음,제한없음,제한없음,제한없음,중랑구 거주 청년 우선,,"중랑청년청 인스타그램 등을 통한 큐알코드(네이버 모집폼) 활용 신청
또는 02-2094-2273 문의",,,,,,https://www.instagram.com/jn_youth_/,
20260410005400212663,2026 서울 동아리ON(대학생 동아리 지원),서울시 대학생 동아리를 대상으로 사회 기여 활동을 위한 활동비를 지원하여 동아리 활동 활성화를 통한 사회적 관계 회복과 함께 지역 사회 문제 해결에 기여할 수 있도록 지원하는 사업,,자치구,https://youth.seoul.go.kr/infoData/plcyInfo/view.do?plcyBizId=20260410005400212663&tabKind=001,참여.권리,서울특별시 미래청년기획관,서울시 대학생 동아리를 대상으로 사회 기여 활동을 위한 활동비를 지원하여 동아리 활동 활성화를 통한 사회적 관계 회복과 함께 지역 사회 문제 해결에 기여할 수 있도록 지원하는 사업,"ㅇ 사업대상 : 서울 소재 대학 소속 동아리 최대 150개(기획형 100+참여형 50)
ㅇ 사업내용 : 사회기여활동 참여 동아리 행·재정적 지원
- (기획형) 동아리 자율 활동, (참여형) 서울시 기획 프로그램에 참여
※ 기획형 및 참여형 중복 신청 가능하며, 참여형 프로그램은 복수 신청 가능(2개 이상 권장)
ㅇ 지원규모
- 기획형 : 동아리 활동 경비 최대 2백만원
- 참여형 : 수행기관에서 활동에 필요한 소요경비 지급
ㅇ 활동기간 : 2026. 5월 ~ 2026. 11. 15.
ㅇ 활동장소 : 서울시 내
ㅇ 활동내용 : 서울 시정가치와 연계된 사회기여활동",,20260408 ~ 20260428,0,,만 0세 ~ 만 0세,대학 재학,제한없음,제한없음,제한없음,,"① 동일·유사사업으로 서울시, 자치구로부터 시비·구비 등을 지원받고 있거나 지원받을 예정인 동아리
② 외부기관에 종속되어 운영되는 등 대학생 자치 동아리라고 인정되기 어려운 동아리","ㅇ 신청자격 : 서울 소재 대학 소속 동아리
- 대학 재학생 10명 이상으로 구성된 동아리(재학생만 실비 지급)
- (지원 제외)
· 동일·유사사업으로 서울시, 자치구로부터 시비·구비 등을 지원받고 있거나 지원받을 예정인 동아리
· 외부기관에 종속되어 운영되는 등 대학생 자치 동아리라고 인정되기 어려운 동아리
ㅇ 신청방법 : 이메일 접수(서울시 청년정책담당관)
- 접수처 : dmeod@seoul.go.kr, yeriim@seoul.go.kr (2곳 동시 제출)
ㅇ 제출서류
- 지원 신청서(서식 1)
- 동아리 활동계획서(기획형: 서식 2, 참여형: 서식 3)
- 대학생 동아리 활동 지원사업 참여 서약서(서식 4)
ㅇ 문의처 : 서울시 미래청년기획관 청년정책담당관(02-2133-6588/4328)
※ 문의시간 : 평일 09시~18시(공휴일 제외)","ㅇ 서류심사 : 외부전문가 등 5명의 서류심사를 통해 고득점 순으로 지원대상 최종 선정
ㅇ 심사기준
- 시정가치 연계성(25) : 시정가치에 맞는 목적을 갖추고 있는가
- 실현 가능성(25) : 계획은 구체적이고 실현 가능성이 있는가
- 창의성·독창성(25) : 활동내용에 창의적이고 차별화된 부분이 있는가
- 기대효과(25) : 활동의 사회공헌 효과가 있는가
※ 개별 평가위원 점수 합산 후 산술평균이 높은 순으로 선정
※ 최종 점수가 60점 미만일 경우에는 선정 제외
※ 동점자 발생 시 첫 번째 항목(시정가치 연계성) 점수가 높은 순으로 선정하며, 해당 항목 점수가 동일할 경우 차순번 항목 점수가 높은 순으로 채택
ㅇ 최종 선정 발표 : 2026. 5. 11.(월)
- 서울시 홈페이지 게시(https://www.seoul.go.kr/news/news_notice.do), 선정 동아리 개별 통보","1. 지원 신청서(서식 1)
2. 동아리 활동계획서(기획형: 서식 2, 참여형: 서식 3)
3. 대학생 동아리 활동 지원사업 참여 서약서(서식 4)",https://youth.seoul.go.kr/youthConts.do?key=2503190001&sc_detailAt=&pageIndex=1&orderBy=regYmd+desc&tabKind=201&sc_pbancSe=&sc_pbancSeCd=027&sc_bbsStngSn=2212200001&sc_bbsCtgrySn=2503180018&sc_pstSn=2604070004&sc_userId=&sc_ntcPstYn=&sc_delYn=&sc_ctgry=&useYn=&sc_faqCtgryCd=099&sc_qnaCtgryCd=&sc_plcyQnaSn=0&pstSn=&recordCountPerPage=10&sc_wDateS=&sc_wDateE=&sc=&sw=,"ㅇ 제출된 서류는 일체 반환하지 않으며, 제출 내용에 허위사실이 있을 경우 선정이 취소될 수 있음
ㅇ 컨설팅 결과에 따라 지원금 규모는 변경될 수 있으며, 집행잔액 발생시 컨설팅을 통해 추가 지원 가능",,https://youth.seoul.go.kr/youthConts.do?key=2503190001&sc_detailAt=&pageIndex=1&orderBy=regYmd+desc&tabKind=201&sc_pbancSe=&sc_pbancSeCd=027&sc_bbsStngSn=2212200001&sc_bbsCtgrySn=2503180018&sc_pstSn=2604070004&sc_userId=&sc_ntcPstYn=&sc_delYn=&sc_ctgry=&useYn=&sc_faqCtgryCd=099&sc_qnaCtgryCd=&sc_plcyQnaSn=0&pstSn=&recordCountPerPage=10&sc_wDateS=&sc_wDateE=&sc=&sw=,https://news.seoul.go.kr/gov/archives/577123
20260220005400212095,청년 일자리사업 참여청년 모집,지역기반 기업에서 일경험과 경력 형성을 지원,은평구,자치구,https://youth.seoul.go.kr/infoData/plcyInfo/view.do?plcyBizId=20260220005400212095&tabKind=001,일자리,서울특별시 은평구 돌봄복지국,지역기반 기업에서 일경험과 경력 형성을 지원,"1일 8시간, 주 5일 근무 / 월 2,533,290원(2026. 구 생활임금 기준)
* 관내 기업 직접 고용 및 4대보험 가입, 근로기준법 적용",,20260220 ~ 20260305,5,,만 19세 ~ 만 39세,제한없음,제한없음,미취업자,제한없음,"□ 자격요건 : 공고일 기준 은평구 거주 19세 이상 39세 이하 미취업 청년
○ 우대요건
- 해당 직무 관련 (유사)전공자 / 해당 직무 관련 경력자 / 해당 직무 관련 자격증 소지자
- 컴퓨터 관련 자격증 소지자 (워드프로세서, 컴퓨터활용능력 등)
○ 가산요건
- 취업지원 대상자 가점(5~10%)
· 「국가유공자 등 예우 및 지원에 관한 법률」제29조
· 「독립유공자 예우에 관한 법률」제16조
· 「보훈보상대상자 지원에 관한 법률」제33조
· 「5.18 민주 유공자 예우에 관한 법률」제20조
· 「특수임무유공자 예우 및 단체 설립에 관한 법률」제19조
· 「고엽제 후유의증 환자 지원 및 단체설립에 관한 법률」제7조의 9에 의한 취업지원대상자
※ 취업지원 대상자를 규정한 개별 법률에 따른 취업지원 대상자는 서류 전형 시 만점의 10% 또는 5%를 가산
※ 가점을 받아 합격하는 사람은 선발예정인원의 30%를 초과할 수 없음
다만, 응시인원이 선발예정인원과 같거나 그보다 적은 경우에는 그러하지 아니함","○ 공고일 기준 거주지(주민등록 주소지)가 은평구가 아닌 자
○ 공고일 기준 대학 또는 대학원에 재학중인 자(휴학생 포함)
➡ 단, 대학교(원) 수료생, 졸업예정자, 졸업유예자, 방송통신대학 ·사이버대학·야간대학(원) 재학생은 참여 가능
※ 졸업예정자는 대학에서 '졸업예정증명서'를 발급받아 제출 / 휴학생은 참여 불가
○  서울특별시 은평구 공무직 관리 규정 제10조(채용결격사유)에 따른 결격사유에 해당하는 자
○  지원하고자 하는 응시 분야(기업)의 사업주와 직계비속, 형제·자매관계 및 친·인척 관계 등 특수관계에 해당되는 사실이 있는 자
○  지원하고자 하는 응시 분야(기업)의 사업주가 이직 당시*의 사업주와 같거나 밀접한 관련성이 있다고 인정되는 자  * 1년 이내에 이직한 경우에 한정
○  직접일자리사업에 중복참여 및 반복참여자
➡ 중복참여 : 동일한 기간에 2개 이상의 직접일자리사업 참여한 자
➡ 반복참여 : 최근 3년 이내 2년(연 180일 이상) 이상 직접일자리사업에 참여한 자는 1년간 사업참여 제한 ※최근 2년 중 1년 이상 참여 시 1년간 후순위로 선발","□ 신청방법 : 방문 또는 전자메일 신청
□ 접  수 처 : 은평구청 청장년희망과 청년미래팀
○ 방    문 : 은평구청 2층 청장년희망과 청년미래팀(은평로 195)
○ 전자메일 : lyjic0910@korea.kr
※ 전자메일 신청 시 유선으로 반드시 접수 여부 확인(☎ 02-351-6882)","□ 제1차 서류심사 결과 발표 : 2026. 3. 13.(금) 예정
□ 제2차 면접심사일 : 2026. 3. 18.(수) ※ 면접일정 및 장소 개별 안내
□ 최종합격자 선정 : 2026. 3. 20.(금) 예정","① [필수] 응시원서 및 이력서 1부
② [필수] 자기소개서 1부
③ [필수] 개인정보동의서 1부
④ [필수] 주민등록등본 1부(공고일 기준 이후 발급, 주민등록번호 뒷자리, ‘발생일/신고일’ 포함)
⑤ [필수] 가족관계증명서 1부(공고일 기준 이후 발급, 주민등록번호 뒷자리 포함)
⑥ [필수] 건강보험자격득실확인서 또는 고용보험피보험자격이력내역서 1부
- 건강보험자격득실확인서 : 국민건강보험홈페이지(www.nhis.or.kr)에서 발급
- 고용보험피보험자격이력내역서 : 고용산재보험토탈홈페이지(total.comwel.or.kr)에서 발급
⑦ [해당자] 졸업증명서 1부
⑧ [해당자] 자격·경력 사항 증빙서류 각 1부
⑨ [해당자] 취업지원대상자 가점 대상자 확인서류 1부",https://www.ep.go.kr/www/selectEminwonView.do?pageUnit=10&pageIndex=1&searchCnd=all&key=748¬AncmtMgtNo=48708¬AncmtSeCode=02,자세한 사항은 채용공고(은평구청 홈페이지>채용공고)를 반드시 확인,,https://www.ep.go.kr/www/selectEminwonView.do?pageUnit=10&pageIndex=1&searchCnd=all&key=748¬AncmtMgtNo=48708¬AncmtSeCode=02,
20260126005400212081,청년 일자리사업 참여기업 모집,청년의 일 경험 및 직무역량 향상을 도모하고 기업에는 청년 인재 채용의 기회 제공,은평구,자치구,https://youth.seoul.go.kr/infoData/plcyInfo/view.do?plcyBizId=20260126005400212081&tabKind=001,일자리,서울특별시 은평구 돌봄복지국,청년의 일 경험 및 직무역량 향상을 도모하고 기업에는 청년 인재 채용의 기회 제공,참여기업에 청년을 1:1 매칭하여 인건비의 80% 지원,2026. 4. 1. ~ 11. 30.(8개월),20260107 ~ 20260203,5,,만 0세 ~ 만 0세,제한없음,제한없음,제한없음,제한없음,"□ 공고일 기준 은평구 소재 사회적경제기업, 협동조합, 비영리단체(법인), 청년기업, 상시근로자 5인 이상 일반기업으로 청년에게 적합한 직무를 보유한 업체
※ '26년 은평구 생활임금 (월 2,533,290원), 주 5일, 일 8시간 근무, 4대보험 가입 필수
※ 기업 자부담 : 인건비의 20%, 4대보험 사업주 부담분 등","□ 자본잠식상태 등 사업의 유지가 어려울 것으로 판단되는 사업장
□ 「근로기준법」제43조의2에 따라 임금 등을 체불하여 명단 공개중인 사업주가 운영하거나 관련되는 경우
□ 고용의사를 밝힌 사업주가 해당 청년이 이직 당시*의 사업주와 같거나 밀접한 관련성이 있다고 인정되는 경우 * 1년 이내에 이직한 경우에 한정
□ 부당한 업무지시, 폭언 등으로 청년의 중도포기가 반복적으로 발생하는 경우
□ 사업 취지에 적합하지 않다고 판단되는 단순 노무 직종의 사업장
□ 참여자의 근로환경(사무공간 및 사무집기 등)이 적합하게 준비되어 있지 않은 사업장
□ 기타 중대한 사회적문제를 제기하여 청년 일자리사업의 목적과 취지에 비추어 적정하지 않다고 판단한 사업장","방문 또는 메일 접수
- 방문 : 은평구청 청장년희망과(본관 2층) 사무실
- 메일 : lyjic0910@korea.kr ※ 신청 후 확인전화 필수(02-351-6882)","□ 서류심사 및 현장실사 : 2026. 2. 4. ~ 2. 9.
□ 면접심사 : 2026. 2. 11.
□ 최종선정기업 통보 : 2026. 2. 13.","□ 2026년 청년 일자리사업 참여기업 신청서 및 사업계획서, 직무기술서
□ 사업장 정보 수집·이용·제공에 관한 동의서, 참여조건 이행 서약서
□ 사업자등록증 및 법인등기부등본, 고유번호증, 단체등록증 등
□ 4대보험 사업장 가입 확인서 및 4대보험 가입자 명부, 4대보험료 완납 증명서
□ 최근 2년간 표준재무제표 또는 부가가치세 과세표준증명원, 신용정보조회표, 금융거래확인서, 부채증명서 등 자산 현황을 확인할 수 있는 서류
□ 기타 가점 증빙 서류",https://www.ep.go.kr/www/selectEminwonView.do?pageUnit=10&pageIndex=1&searchCnd=notAncmtSj&searchKrwd=%EC%B2%AD%EB%85%84%20%EC%9D%BC%EC%9E%90%EB%A6%AC&key=748¬AncmtMgtNo=48183¬AncmtSeCode=02,,,https://www.ep.go.kr/www/selectEminwonView.do?pageUnit=10&pageIndex=1&searchCnd=notAncmtSj&searchKrwd=%EC%B2%AD%EB%85%84%20%EC%9D%BC%EC%9E%90%EB%A6%AC&key=748¬AncmtMgtNo=48183¬AncmtSeCode=02,
20250915005400211692,IFWY 2025 한국 지역 대화 참가자 모집,"청년들이 지속가능한 미래를 위한 행동과 연대를 실현할 수 있는 글로벌 플랫폼으로 청년 간 토론, 예술, 문화 교류의 장",은평구,자치구,https://youth.seoul.go.kr/infoData/plcyInfo/view.do?plcyBizId=20250915005400211692&tabKind=001,참여.권리,은평구,"청년들이 지속가능한 미래를 위한 행동과 연대를 실현할 수 있는 글로벌 플랫폼으로 청년 간 토론, 예술, 문화 교류의 장","○ 일시 : 2025. 10. 11.(토) ~ 10. 12.(일)
○ 장소 : MBC 경기도 양주 연수원
○ 대상 : 현재 대한민국에 거주하고 있는 청년(만 18세-35세) 누구나
○ 목적 : 동료 평가를 통해 IFWY파이널 컨퍼런스에 참여할 25명의 청년 대표 선정
○ 내용 : 한국에 거주하는 외국인과 청년들이 글로벌 주제에 대한 이해와 소통을 통해 IFWY파이널 컨퍼런스(25. 10. 27.~10. 29.)에서 발표할 권고안을 도출하는 청년 아고라 ※ 전 일정은 영어로 진행됩니다 ※
○ 주최 : 은평구, 유엔사회개발연구소(UNRISD), MBC, 한양대학교
○ 문의 : 경희대 국제개발협력연구센터 02-961-0590",,20250916 ~ 20250926,0,,만 18세 ~ 만 35세,제한없음,제한없음,제한없음,제한없음,,,"(1) IFWY 홈페이지에서 계정 생성
(2) 간단한 본인 소개, IFWY 참여 동기 작성
(3) 아이디어 허브에 자신의 아이디어 공유
- 관심 있는 주제를 선택하여 정책 아이디어 제출",개별 연락,홈페이지 신청서 작성 및 제출,https://ifwy.org/,,,https://ifwy.org/,
20250827005400211523,제3회 은평청년축제 <청년톡톡콘서트> 개최,청년의 날을 기념하여 청년들이 직접 기획하고 구민 모두가 참여하는 축제를 개최,은평구,자치구,https://youth.seoul.go.kr/infoData/plcyInfo/view.do?plcyBizId=20250827005400211523&tabKind=001,복지.문화,은평구,청년의 날을 기념하여 청년들이 직접 기획하고 구민 모두가 참여하는 축제를 개최,"김태호 PD 특별강연 <나를 찾아 떠나는 무한도전>
일시 : 2025. 9. 18.(목) 19:00
장소 : 은평문화예술회관 공연장
대상 : 남녀노소 누구나 선착순 500명",,20250918 ~ 20250918,0,,만 0세 ~ 만 0세,제한없음,제한없음,제한없음,제한없음,,,온라인 신청 폼 제출,,,https://answer.moaform.com/answers/MGxN0V,,,,
20250827005400211522,제3회 은평청년축제(부제 : 아무도 모르는 축제) 개최,청년의 날을 기념하여 청년들이 직접 기획하고 구민 모두가 참여하는 축제를 개최,은평구,자치구,https://youth.seoul.go.kr/infoData/plcyInfo/view.do?plcyBizId=20250827005400211522&tabKind=001,복지.문화,은평구,청년의 날을 기념하여 청년들이 직접 기획하고 구민 모두가 참여하는 축제를 개최,"청년의 날 기념식, 추리게임 부스, 초청공연, 부대행사 등
일시 : 2025. 9. 13.(토) 14:00~19:00
장소 : 구파발 폭포 만남의 광장
대상 : 청년 및 남녀노소 누구나",,20250913 ~ 20250913,0,,만 0세 ~ 만 0세,제한없음,제한없음,제한없음,제한없음,,,,,,https://www.instagram.com/ep3_festival/,,,,
20250822005400211521,신월지역 청년점포 및 청년기업 육성사업 참여자 추가모집 공고,"청년 실업 해소와 지역상권 활성화를 위한 창업지원 정책으로, 창업을 준비하는 청년의 초기 창업비용 일부 지원",,자치구,https://youth.seoul.go.kr/infoData/plcyInfo/view.do?plcyBizId=20250822005400211521&tabKind=001,일자리,양천구,"청년 실업 해소와 지역상권 활성화를 위한 창업지원 정책으로, 창업을 준비하는 청년의 초기 창업비용 일부 지원","※ 자부담금 필수
- 임차료 지원 : 협약체결일로부터 1년 동안 월 임차료의 50% 범위 안에서 최대 100만원
- 홍보비 지원 : 홍보 비용의 50% 범위 안에서 신규창업자 최대 50만원, 초기창업자 최대 100만원
- 리모델링비 지원 : 신규창업자에 한해 지원하며, 리모델링 비용의 50% 범위 안에서 최대 1,000만원
- 창업 기본교육(창업절차, 상권분석 등) 및 안정적인 정착을 위한 컨설팅 기회 제공",선정일로부터 1년간 지원,20250825 ~ 20250905,2,,만 19세 ~ 만 39세,제한없음,제한없음,(예비)창업자,제한없음,,,담당자 이메일 신청(lisa17@yangcheon.go.kr),,※ 제출서류 등 자세한 내용은 양천구청 홈페이지 공지사항 및 고시공고 참고,,,,https://www.yangcheon.go.kr/site/yangcheon/ex/seol/seolContentDeailView.do?not_ancmt_mgt_no=44446,
20250819005400211519,2025. 「은평 청년 버스킹 페스타」 청년판정단 모집,"지역의 청년모임을 대상으로한 버스킹 경연을 통하여 청년들의 지역활동 참여 및 재능발현의 장을 마련하고, 지역 상권을 이용하는 주민들에게 공연을 제공하여 청년과 지역사회간의 연대감을 강화",은평구,자치구,https://youth.seoul.go.kr/infoData/plcyInfo/view.do?plcyBizId=20250819005400211519&tabKind=001,복지.문화,은평구,"지역의 청년모임을 대상으로한 버스킹 경연을 통하여 청년들의 지역활동 참여 및 재능발현의 장을 마련하고, 지역 상권을 이용하는 주민들에게 공연을 제공하여 청년과 지역사회간의 연대감을 강화","춤, 노래, 연주, 악기연주 등 청년 버스킹 공연 무대 심사
- 활동일시 : 25. 9. 6.(토) 15:00~20:00",,20250814 ~ 20250901,60,,만 19세 ~ 만 39세,제한없음,제한없음,제한없음,제한없음,19~39세 은평구 거주 및 활동하는 청년,,1365 자원봉사 포털을 통한 모집,,1365 자원봉사 포털 신청,https://www.1365.go.kr/vols/1572247904127/partcptn/timeCptn.do?type=show&progrmRegistNo=3334395,"2025. 은평 청년 버스킹 페스타 행사 개요
□ 일 시 : 2025. 9. 6.(토) 17:00~20:00
□ 장 소 : GTX연신849(구 물빛공원)
□ 대 상 : 19세~39세 청년, 청년 모임 및 동아리
□ 내 용 : 춤, 노래, 연주, 악기연주 등 청년 버스킹 경연",,,
20250819005400211518,2025. 「은평 청년 버스킹 페스타」 참가자 모집,"지역의 청년모임을 대상으로한 버스킹 경연을 통하여 청년들의 지역활동 참여 및 재능발현의 장을 마련하고, 지역 상권을 이용하는 주민들에게 공연을 제공하여 청년과 지역사회간의 연대감을 강화",은평구,자치구,https://youth.seoul.go.kr/infoData/plcyInfo/view.do?plcyBizId=20250819005400211518&tabKind=001,복지.문화,은평구,"지역의 청년모임을 대상으로한 버스킹 경연을 통하여 청년들의 지역활동 참여 및 재능발현의 장을 마련하고, 지역 상권을 이용하는 주민들에게 공연을 제공하여 청년과 지역사회간의 연대감을 강화","춤, 노래, 연주, 악기연주 등 청년 버스킹 경연 및 시상
- 시상내역 : (1등)100만원 + 상장 (2등)50만원 + 상장 (3등) 30만원 + 상장",,20250808 ~ 20250825,15,,만 19세 ~ 만 39세,제한없음,제한없음,제한없음,제한없음,"19~39세 청년, 청년 모임 및 동아리",,"1) 구글 폼 링크 접속 또는 QR코드 스캔하여 신청서 접수
- 신청링크 : https://forms.gle/H8fGYXHMv4tSz1CdA
2) 30초~90초 공연 영상 이메일 제출
- 주소 : sjsj1040@ep.go.kr
- 제목 :［은평 청년 버스킹 페스타 신청］팀명 또는 이름
- 첨부 : 공연 영상 또는 유튜브 링크","1) 예선 : 2025. 8. 27.(수)
- 제출된 영상 심사 후 15팀 선정(결과 개별안내)
2) 본선 : 2025. 9. 6.(토) 17:00
- 청년판정단(60명) + 주민 코인 투표제
3) 결선 : 2025. 9. 6.(토) 19:00
- 전문 심사위원(70%) + 코인 투표(30%)","구글 폼 신청서, 공연 영상 이메일 제출",https://forms.gle/H8fGYXHMv4tSz1CdA,"2025. 은평 청년 버스킹 페스타 행사 개요
□ 일    시 : 2025. 9. 6.(토) 17:00~20:00
□ 장    소 : GTX연신849(구 물빛공원)
□ 대    상 : 19세~39세 청년, 청년 모임 및 동아리
□ 내    용 : 춤, 노래, 연주, 악기연주 등 청년 버스킹 경연",,https://www.ep.go.kr/www/selectEminwonView.do?pageUnit=10&pageIndex=6&searchCnd=all&key=754¬AncmtMgtNo=46741¬AncmtSeCode=01,
20250806005400211515,청년 일자리사업 참여청년 모집,지역기반 기업에서 일경험과 경력 형성을 지원하기 위하여 청년 일자리 사업 참여 청년 모집,은평구,자치구,https://youth.seoul.go.kr/infoData/plcyInfo/view.do?plcyBizId=20250806005400211515&tabKind=001,일자리,은평구,지역기반 기업에서 일경험과 경력 형성을 지원하기 위하여 청년 일자리 사업 참여 청년 모집,"1일 8시간, 주5일 근무 / 월 2,461,820원(2025. 은평구 생활임금 적용)",,20250804 ~ 20250814,2,,만 19세 ~ 만 39세,제한없음,제한없음,제한없음,제한없음,"□ 공고일 기준 은평구 거주 19~39세 이하 미취업 청년
○ 우대요건
- 해당 직무 관련 (유사)전공자 / 해당 직무 관련 경력자 / 해당 직무 관련 자격증 소지자
- 컴퓨터 관련 자격증 소지자 (워드프로세서, 컴퓨터활용능력 등)
○ 가산요건
- 취업지원 대상자 가점 ※ 자세한 사항은 은평구청 홈페이지 공고문 확인","□ 공고일 기준 거주지(주민등록 주소지)가 은평구가 아닌 자
□ 공고일 기준 대학 또는 대학원에 재학중인 자(휴학생 포함) ※ 단, 대학교(원) 수료생, 졸업예정자, 졸업유예자, 방송통신대학 ·사이버대학·야간대학(원) 재학생은 참여 가능
□ 서울특별시 은평구 공무직 관리 규정 제10조(채용결격사유)에 따른 결격사유에 해당하는 자
□ 지원하고자 하는 응시 분야(기업)의 사업주와 직계비속, 형제·자매관계 및 친·인척 관계 등 특수관계에 해당되는 사실이 있는 자
□ 지원하고자 하는 응시 분야(기업)의 사업주가 이직 당시*의 사업주와 같거나 밀접한 관련성이 있다고 인정되는 자
□ 직접일자리사업에 중복참여 및 반복참여자
※ 자세한 사항은 은평구청 홈페이지 공고문 확인","제출서류 구비 후 이메일 또는 방문 접수
※ 자세한 사항은 은평구청 홈페이지 공고문 확인","□ 제1차 서류접수 : 2025. 8. 14.(목) 18:00까지
□ 서류심사 결과 발표 : 2025. 8. 18.(월)
□ 제2차 면접심사 : 2025. 8. 21.(목) 예정 ※ 내부사정에 따라 변동가능
□ 최종합격자선발 : 2025. 8. 25.(월)
□ 근로계약 체결 : 2025. 8. 26.(화)",은평구청 홈페이지 공고문 확인,https://www.ep.go.kr/www/selectEminwonView.do?pageUnit=10&pageIndex=1&searchCnd=all&key=748¬AncmtMgtNo=46711¬AncmtSeCode=02,은평구청 홈페이지 공고문 확인,,,
20250729005400211499,청년 창업점포(청년식당) 신규 입점 청년 모집,청년 창업자의 도전을 장려하여 청년사업가를 육성하고 일자리 창출 및 지역경제 활성화를 위한 청년 창업점포 입점 청년 모집,은평구,자치구,https://youth.seoul.go.kr/infoData/plcyInfo/view.do?plcyBizId=20250729005400211499&tabKind=001,일자리,은평구,청년 창업자의 도전을 장려하여 청년사업가를 육성하고 일자리 창출 및 지역경제 활성화를 위한 청년 창업점포 입점 청년 모집,"보증금(100%), 임차료(50%), 인테리어 비용 일부, 맞춤형 컨설팅 등","입점일(2025. 9. 1.)로부터 12개월, 연장심사를 통해 2년차 연장 지원 가능",20250724 ~ 20250806,2,,만 19세 ~ 만 39세,제한없음,제한없음,제한없음,제한없음,"1. 은평구에 주소를 둔 19세 ~ 39세(공고일 기준) 대한민국 국적보유 청년
2. 창업 교육 이수자  ※ 은평구청 홈페이지 공고문 참조
3. 개성 있는 창업 아이템을 보유한 자
4. 도전정신, 끈기, 열정을 가지고 성실히 전념할 수 있는 자
5. 신규사업자 등록에 결격 사유가 없는 자 ※ 점포 개소 후 1개월 이내 사업자등록증 사본 제출","1. 창업 교육 미이수자
2. 신용불량 등 금융 거래에 제한이 있는 자
3. 사업신청서 및 제출서류를 허위로 기재한 자
4. 동일 또는 유사 지원사업의 사업 기간 내 중복지원 수혜자
5. 기타 제외하는 것이 합당하다고 공통적으로 판단되는 자","제출서류 구비 후 이메일 또는 방문 접수
※ 자세한 사항은 은평구청 홈페이지 공고문 확인","□ 사전신청 : 2025. 8. 6.(수) 18:00까지
□ 창업교육 : 2025. 8. 8.(금) 예정 ※ 내부사정에 따라 변동가능
□ 최종신청 : 2025. 8. 13(수) 18:00까지
□ 서류심사 : 2025. 8. 14.(목) ~ 8. 18.(월)
□ 면접심사 : 2025. 8. 19.(화)
□ 최종발표 : 심사 종료 후 3일 이내 구청 홈페이지 공고게재",은평구청 홈페이지 공고문 확인,https://www.ep.go.kr/www/selectEminwonView.do?pageUnit=10&pageIndex=1&searchCnd=notAncmtSj&searchKrwd=%EC%A0%90%ED%8F%AC&key=754¬AncmtMgtNo=46597¬AncmtSeCode=01,은평구청 홈페이지 공고문 확인,돌봄복지국,,
20250424005400210720,강동구 미취업 청년 어학 및 자격시험 응시료 지원,강동구 미취업 청년들에게 어학 및 자격시험 응시료를 지원하여 취업 준비에 대한 경제적 부담 완화 및 취업역량 강화를 통해 청년들의 적극적인 구직활동 촉진에 기여하고자 함,강동구,자치구,https://youth.seoul.go.kr/infoData/plcyInfo/view.do?plcyBizId=20250424005400210720&tabKind=001,교육,강동구,강동구 미취업 청년들에게 어학 및 자격시험 응시료를 지원하여 취업 준비에 대한 경제적 부담 완화 및 취업역량 강화를 통해 청년들의 적극적인 구직활동 촉진에 기여하고자 함,강동구 거주중인 미취업 청년 대상으로 1인당 최대 10만원 응시료 실비지원(생애1회),,20250501 ~ 20251231,500,,만 19세 ~ 만 39세,제한없음,제한없음,,제한없음,,,공고문 확인 후 신청서 및 서류 준비하여 이메일 접수(exam_fee@gangdong.go.kr),,공고 참조,https://www.gangdong.go.kr/web/newportal/notice/01/53129,,,,
20250224005400210564,"금천형 취업성공키트(자격시험 준비비, 면접 준비비, 문화비 지원)","금천구 미취업 청년들에게 구직활동에 필요한 자격증 시험 응시료, 수강료 및 면접 준비비와 취업스트레스 완화를 위한 문화힐링비 지원",금천구,자치구,https://youth.seoul.go.kr/infoData/plcyInfo/view.do?plcyBizId=20250224005400210564&tabKind=001,일자리,금천구,"금천구 미취업 청년들에게 구직활동에 필요한 자격증 시험 응시료, 수강료 및 면접 준비비와 취업스트레스 완화를 위한 문화힐링비 지원","금천구 미취업 청년들에게 구직활동에 필요한 자격증 시험 응시료, 수강료 및 면접 준비비와 취업스트레스 완화를 위한 문화힐링비 지원
- 자격시험 준비비(응시료,수강료,교재비) : 최대 30만원, 계좌이체(현금) / 실비 환급
- 면접 준비비(헤어메이크업, 정장대여 등) : 최대 5만원 x 2회, 모바일 지역사랑상품권 / 실비 환급
- 문화힐링비(영화, 도서, OTT, 인터넷서점 등) : 최대 10만원, 모바일 지역사랑상품권 / 실비의 90% 환급",,2025년 3월 5일 ~ 2025년 11월 30일,400,,만 19세 ~ 만 39세,제한없음,제한없음,미취업자,제한없음,"- 취업 또는 사업자등록 사실이 없을 것
- 비용 지출일로부터 신청일까지 금천구에 계속 거주하여야 함",신청항목별 상이(공고문 참고),"금천구청 홈페이지 온라인 접수(geumcheon.go.kr), 제출서류 업로드
※ 구 홈페이지 > 분야별정보 > 복지/건강 > 아동청년 지원 > 청년정책 > 금천형 취업성공키트 사업 지원(신청)",선정자에 한해 문자 발송,"지원항목별 상이(홈페이지 공고문 참고)
※ 구 홈페이지 > 우리금천 > 금천소식 > 고시공고 > ""금천형 취업성공키트"" 검색 (서울특별시 금천구 공고 제2025-1136호)",,"선착순 접수, 예산 소진 시 조기 마감",,https://www.geumcheon.go.kr/portal/testFeeContents.do?key=4343,
